,a,b,c,d,e,f,g,h,i,j,k,l,ma,n,o,p,q,r,s,t,u,v,w,x,y,z,aa,ab,ac,ad,ae
0,1,0,0,0,0,1,0,0,0,1,1,1,1,1,0,1,1,1,1,0,1,1,0,0,1,0,0,0,0,1,1
1,1,0,0,0,0,1,0,0,0,1,1,1,1,1,0,1,1,1,1,0,1,1,0,0,1,0,0,0,0,1,1
2,1,0,0,0,0,1,0,0,0,1,1,1,1,1,0,1,1,1,1,0,1,1,0,0,1,0,0,0,0,1,1
3,1,0,0,0,0,1,0,0,0,1,1,1,1,1,0,1,1,1,1,0,1,1,0,0,1,0,0,0,0,1,1
4,1,0,0,0,0,1,0,0,0,1,1,1,1,1,0,1,1,1,1,0,1,1,0,0,1,0,0,0,0,1,1
5,1,0,0,0,0,1,0,0,0,1,1,1,1,1,0,1,1,1,1,0,1,1,0,0,1,0,0,0,0,1,1
6,1,0,0,0,0,1,0,0,0,1,1,1,1,1,0,1,1,1,1,0,1,1,0,0,1,0,0,0,0,1,1
7,1,0,0,0,0,1,0,0,0,1,1,1,1,1,0,1,1,1,1,0,1,1,0,0,1,0,0,0,0,1,1
8,1,0,0,0,0,1,0,0,0,1,1,1,1,1,0,1,1,1,1,0,1,1,0,0,1,0,0,0,0,1,1
9,1,0,0,0,0,1,0,0,0,1,1,1,1,1,0,1,1,1,1,0,1,1,0,0,1,0,0,0,0,1,1
10,1,0,0,0,0,1,0,0,0,1,1,1,1,1,0,1,1,1,1,0,1,1,0,0,1,0,0,0,0,1,1
11,1,0,0,0,0,1,0,0,0,1,1,1,1,1,0,1,1,1,1,0,1,1,0,0,1,0,0,0,0,1,1
12,1,0,0,0,0,1,0,0,0,1,1,1,1,1,0,1,1,1,1,0,1,1,0,0,1,0,0,0,0,1,1
13,1,0,0,0,0,1,0,0,0,1,1,1,1,1,0,1,1,1,1,0,1,1,0,0,1,0,0,0,0,1,1
14,1,0,0,0,0,1,0,0,0,1,1,1,1,1,0,1,1,1,1,0,1,1,0,0,1,0,0,0,0,1,1
15,1,0,0,0,0,1,0,0,0,1,1,1,1,1,0,1,1,1,1,0,1,1,0,0,1,0,0,0,0,1,1
16,1,0,0,0,0,1,0,0,0,1,1,1,1,1,0,1,1,1,1,0,1,1,0,0,1,0,0,0,0,1,1
17,0,1,1,1,1,0,1,1,1,0,0,0,0,0,1,0,0,0,0,1,0,0,1,1,0,1,1,1,1,0,0
18,0,1,1,1,1,0,1,1,1,0,0,0,0,0,1,0,0,0,0,1,0,0,1,1,0,1,1,1,1,0,0
19,0,1,1,1,1,0,1,1,1,0,0,0,0,0,1,0,0,0,0,1,0,0,1,1,0,1,1,1,1,0,0
20,0,1,1,1,1,0,1,1,1,0,0,0,0,0,1,0,0,0,0,1,0,0,1,1,0,1,1,1,1,0,0
21,0,1,1,1,1,0,1,1,1,0,0,0,0,0,1,0,0,0,0,1,0,0,1,1,0,1,1,1,1,0,0
22,0,1,1,1,1,0,1,1,1,0,0,0,0,0,1,0,0,0,0,1,0,0,1,1,0,1,1,1,1,0,0
23,0,1,1,1,1,0,1,1,1,0,0,0,0,0,1,0,0,0,0,1,0,0,1,1,0,1,1,1,1,0,0
24,0,1,1,1,1,0,1,1,1,0,0,0,0,0,1,0,0,0,0,1,0,0,1,1,0,1,1,1,1,0,0
25,0,1,1,1,1,0,1,1,1,0,0,0,0,0,1,0,0,0,0,1,0,0,1,1,0,1,1,1,1,0,0
26,0,1,1,1,1,0,1,1,1,0,0,0,0,0,1,0,0,0,0,1,0,0,1,1,0,1,1,1,1,0,0
27,0,1,1,1,1,0,1,1,1,0,0,0,0,0,1,0,0,0,0,1,0,0,1,1,0,1,1,1,1,0,0
28,0,1,1,1,1,0,1,1,1,0,0,0,0,0,1,0,0,0,0,1,0,0,1,1,0,1,1,1,1,0,0
29,0,1,1,1,1,0,1,1,1,0,0,0,0,0,1,0,0,0,0,1,0,0,1,1,0,1,1,1,1,0,0
30,0,1,1,1,1,0,1,1,1,0,0,0,0,0,1,0,0,0,0,1,0,0,1,1,0,1,1,1,1,0,0
31,0,1,1,1,1,0,1,1,1,0,0,0,0,0,1,0,0,0,0,1,0,0,1,1,0,1,1,1,1,0,0
32,0,1,1,1,1,0,1,1,1,0,0,0,0,0,1,0,0,0,0,1,0,0,1,1,0,1,1,1,1,0,0
33,0,1,1,1,1,0,1,1,1,0,0,0,0,0,1,0,0,0,0,1,0,0,1,1,0,1,1,1,1,0,0
34,0,1,1,1,1,0,1,1,1,0,0,0,0,0,1,0,0,0,0,1,0,0,1,1,0,1,1,1,1,0,0
35,0,1,1,1,1,0,1,1,1,0,0,0,0,0,1,0,0,0,0,1,0,0,1,1,0,1,1,1,1,0,0
36,0,1,1,1,1,0,1,1,1,0,0,0,0,0,1,0,0,0,0,1,0,0,1,1,0,1,1,1,1,0,0
37,0,1,1,1,1,0,1,1,1,0,0,0,0,0,1,0,0,0,0,1,0,0,1,1,0,1,1,1,1,0,0
38,0,1,1,1,1,0,1,1,1,0,0,0,0,0,1,0,0,0,0,1,0,0,1,1,0,1,1,1,1,0,0
39,0,1,1,1,1,0,1,1,1,0,0,0,0,0,1,0,0,0,0,1,0,0,1,1,0,1,1,1,1,0,0
40,0,1,1,1,1,0,1,1,1,0,0,0,0,0,1,0,0,0,0,1,0,0,1,1,0,1,1,1,1,0,0
41,0,1,1,1,1,0,1,1,1,0,0,0,0,0,1,0,0,0,0,1,0,0,1,1,0,1,1,1,1,0,0
42,0,1,1,1,1,0,1,1,1,0,0,0,0,0,1,0,0,0,0,1,0,0,1,1,0,1,1,1,1,0,0
43,1,1,1,0,1,0,0,0,0,1,0,1,0,1,1,1,1,1,1,0,1,1,1,0,1,0,0,0,0,0,0
44,0,1,1,1,1,0,1,1,1,0,0,0,0,0,1,0,0,0,0,1,0,0,1,1,0,1,1,1,1,0,0
45,0,1,1,1,1,0,1,1,1,0,0,0,0,0,1,0,0,0,0,1,0,0,1,1,0,1,1,1,1,0,0
46,1,0,0,0,0,1,0,0,0,1,1,1,1,1,0,1,1,1,1,0,1,1,0,0,1,0,0,0,0,1,1
47,0,1,1,1,1,0,1,1,1,0,0,0,0,0,1,0,0,0,0,1,0,0,1,1,0,1,1,1,1,0,0
48,0,1,1,1,1,0,1,1,1,0,0,0,0,0,1,0,0,0,0,1,0,0,1,1,0,1,1,1,1,0,0
49,0,1,1,1,1,0,1,1,1,0,0,0,0,0,1,0,0,0,0,1,0,0,1,1,0,1,1,1,1,0,0
50,0,1,1,1,1,0,1,1,1,0,0,0,0,0,1,0,0,0,0,1,0,0,1,1,0,1,1,1,1,0,0
51,0,1,1,1,1,0,1,1,1,0,0,0,0,0,1,0,0,0,0,1,0,0,1,1,0,1,1,1,1,0,0
52,0,1,1,1,1,0,1,1,1,0,0,0,0,0,1,0,0,0,0,1,0,0,1,1,0,1,1,1,1,0,0
53,1,1,1,0,1,0,0,0,0,1,0,1,0,1,1,1,1,1,1,0,1,1,1,0,1,0,0,0,0,0,0
54,0,1,1,1,1,0,1,1,1,0,0,0,0,0,1,0,0,0,0,1,0,0,1,1,0,1,1,1,1,0,0
55,1,0,0,0,0,1,0,0,0,1,1,1,1,1,0,1,1,1,1,0,1,1,0,0,1,0,0,0,0,1,1
56,1,0,0,0,0,1,0,0,0,1,1,1,1,1,0,1,1,1,1,0,1,1,0,0,1,0,0,0,0,1,1
57,1,0,0,0,0,1,0,0,0,1,1,1,1,1,0,1,1,1,1,0,1,1,0,0,1,0,0,0,0,1,1
58,1,0,0,0,0,1,0,0,0,1,1,1,1,1,0,1,1,1,1,0,1,1,0,0,1,0,0,0,0,1,1
59,1,0,0,0,0,1,0,0,0,1,1,1,1,1,0,1,1,1,1,0,1,1,0,0,1,0,0,0,0,1,1
60,1,0,0,0,0,1,0,0,0,1,1,1,1,1,0,1,1,1,1,0,1,1,0,0,1,0,0,0,0,1,1
61,1,0,0,0,0,1,0,0,0,1,1,1,1,1,0,1,1,1,1,0,1,1,0,0,1,0,0,0,0,1,1
62,1,0,0,0,0,1,0,0,0,1,1,1,1,1,0,1,1,1,1,0,1,1,0,0,1,0,0,0,0,1,1
63,1,0,0,0,0,1,0,0,0,1,1,1,1,1,0,1,1,1,1,0,1,1,0,0,1,0,0,0,0,1,1
64,1,0,0,0,0,1,0,0,0,1,1,1,1,1,0,1,1,1,1,0,1,1,0,0,1,0,0,0,0,1,1
65,1,0,0,0,0,1,0,0,0,1,1,1,1,1,0,1,1,1,1,0,1,1,0,0,1,0,0,0,0,1,1
66,1,0,0,0,0,1,0,0,0,1,1,1,1,1,0,1,1,1,1,0,1,1,0,0,1,0,0,0,0,1,1
67,1,0,0,0,0,1,0,0,0,1,1,1,1,1,0,1,1,1,1,0,1,1,0,0,1,0,0,0,0,1,1
68,1,0,0,0,0,1,0,0,0,1,1,1,1,1,0,1,1,1,1,0,1,1,0,0,1,0,0,0,0,1,1
69,1,0,0,0,0,1,0,0,0,1,1,1,1,1,0,1,1,1,1,0,1,1,0,0,1,0,0,0,0,1,1
70,1,0,0,0,0,1,0,0,0,1,1,1,1,1,0,1,1,1,1,0,1,1,0,0,1,0,0,0,0,1,1
71,1,0,0,0,0,1,0,0,0,1,1,1,1,1,0,1,1,1,1,0,1,1,0,0,1,0,0,0,0,1,1
72,1,0,0,0,0,1,0,0,0,1,1,1,1,1,0,1,1,1,1,0,1,1,0,0,1,0,0,0,0,1,1
73,1,0,0,0,0,1,0,0,0,1,1,1,1,1,0,1,1,1,1,0,1,1,0,0,1,0,0,0,0,1,1
74,1,0,0,0,0,1,0,0,0,1,1,1,1,1,0,1,1,1,1,0,1,1,0,0,1,0,0,0,0,1,1
75,1,0,0,0,0,1,0,0,0,1,1,1,1,1,0,1,1,1,1,0,1,1,0,0,1,0,0,0,0,1,1
76,1,0,0,0,0,1,0,0,0,1,1,1,1,1,0,1,1,1,1,0,1,1,0,0,1,0,0,0,0,1,1
77,1,0,0,0,0,1,0,0,0,1,1,1,1,1,0,1,1,1,1,0,1,1,0,0,1,0,0,0,0,1,1
78,1,0,0,0,0,1,0,0,0,1,1,1,1,1,0,1,1,1,1,0,1,1,0,0,1,0,0,0,0,1,1
79,1,0,0,0,0,1,0,0,0,1,1,1,1,1,0,1,1,1,1,0,1,1,0,0,1,0,0,0,0,1,1
80,1,0,0,0,0,1,0,0,0,1,1,1,1,1,0,1,1,1,1,0,1,1,0,0,1,0,0,0,0,1,1
81,1,0,0,0,0,1,0,0,0,1,1,1,1,1,0,1,1,1,1,0,1,1,0,0,1,0,0,0,0,1,1
82,1,0,0,0,0,1,0,0,0,1,1,1,1,1,0,1,1,1,1,0,1,1,0,0,1,0,0,0,0,1,1
83,1,0,0,0,0,1,0,0,0,1,1,1,1,1,0,1,1,1,1,0,1,1,0,0,1,0,0,0,0,1,1
84,1,0,0,0,0,1,0,0,0,1,1,1,1,1,0,1,1,1,1,0,1,1,0,0,1,0,0,0,0,1,1
85,1,0,0,0,0,1,0,0,0,1,1,1,1,1,0,1,1,1,1,0,1,1,0,0,1,0,0,0,0,1,1
86,1,0,0,0,0,1,0,0,0,1,1,1,1,1,0,1,1,1,1,0,1,1,0,0,1,0,0,0,0,1,1
87,1,0,0,0,0,1,0,0,0,1,1,1,1,1,0,1,1,1,1,0,1,1,0,0,1,0,0,0,0,1,1
88,1,0,0,0,0,1,0,0,0,1,1,1,1,1,0,1,1,1,1,0,1,1,0,0,1,0,0,0,0,1,1
89,0,1,1,1,1,0,1,1,1,0,0,0,0,0,1,0,0,0,0,1,0,0,1,1,0,1,1,1,1,0,0
90,1,0,0,0,0,1,0,0,0,1,1,1,1,1,0,1,1,1,1,0,1,1,0,0,1,0,0,0,0,1,1
91,0,1,1,1,1,0,1,1,1,0,0,0,0,0,1,0,0,0,0,1,0,0,1,1,0,1,1,1,1,0,0
92,0,1,1,1,1,0,1,1,1,0,0,0,0,0,1,0,0,0,0,1,0,0,1,1,0,1,1,1,1,0,0
93,0,1,1,1,1,0,1,1,1,0,0,0,0,0,1,0,0,0,0,1,0,0,1,1,0,1,1,1,1,0,0
94,0,1,1,1,1,0,1,1,1,0,0,0,0,0,1,0,0,0,0,1,0,0,1,1,0,1,1,1,1,0,0
95,1,0,0,0,0,1,0,0,0,1,1,1,1,1,0,1,1,1,1,0,1,1,0,0,1,0,0,0,0,1,1
96,0,1,1,1,1,0,1,1,1,0,0,0,0,0,1,0,0,0,0,1,0,0,1,1,0,1,1,1,1,0,0
97,0,1,1,1,1,0,1,1,1,0,0,0,0,0,1,0,0,0,0,1,0,0,1,1,0,1,1,1,1,0,0
98,0,1,1,1,1,0,1,1,1,0,0,0,0,0,1,0,0,0,0,1,0,0,1,1,0,1,1,1,1,0,0
99,0,1,1,1,1,0,1,1,1,0,0,0,0,0,1,0,0,0,0,1,0,0,1,1,0,1,1,1,1,0,0
100,0,1,1,1,1,0,1,1,1,0,0,0,0,0,1,0,0,0,0,1,0,0,1,1,0,1,1,1,1,0,0
101,0,1,1,1,1,0,1,1,1,0,0,0,0,0,1,0,0,0,0,1,0,0,1,1,0,1,1,1,1,0,0
102,0,1,1,1,1,0,1,1,1,0,0,0,0,0,1,0,0,0,0,1,0,0,1,1,0,1,1,1,1,0,0
103,0,1,1,1,1,0,1,1,1,0,0,0,0,0,1,0,0,0,0,1,0,0,1,1,0,1,1,1,1,0,0
104,0,1,1,1,1,0,1,1,1,0,0,0,0,0,1,0,0,0,0,1,0,0,1,1,0,1,1,1,1,0,0
105,0,1,1,1,1,0,1,1,1,0,0,0,0,0,1,0,0,0,0,1,0,0,1,1,0,1,1,1,1,0,0
106,0,1,1,1,1,0,1,1,1,0,0,0,0,0,1,0,0,0,0,1,0,0,1,1,0,1,1,1,1,0,0
107,0,1,1,1,1,0,1,1,1,0,0,0,0,0,1,0,0,0,0,1,0,0,1,1,0,1,1,1,1,0,0
108,0,1,1,1,1,0,1,1,1,0,0,0,0,0,1,0,0,0,0,1,0,0,1,1,0,1,1,1,1,0,0
109,0,1,1,1,1,0,1,1,1,0,0,0,0,0,1,0,0,0,0,1,0,0,1,1,0,1,1,1,1,0,0
110,0,1,1,1,1,0,1,1,1,0,0,0,0,0,1,0,0,0,0,1,0,0,1,1,0,1,1,1,1,0,0
111,0,1,1,1,1,0,1,1,1,0,0,0,0,0,1,0,0,0,0,1,0,0,1,1,0,1,1,1,1,0,0
112,0,1,1,1,1,0,1,1,1,0,0,0,0,0,1,0,0,0,0,1,0,0,1,1,0,1,1,1,1,0,0
113,0,1,1,1,1,0,1,1,1,0,0,0,0,0,1,0,0,0,0,1,0,0,1,1,0,1,1,1,1,0,0
114,0,1,1,1,1,0,1,1,1,0,0,0,0,0,1,0,0,0,0,1,0,0,1,1,0,1,1,1,1,0,0
115,0,1,1,1,1,0,1,1,1,0,0,0,0,0,1,0,0,0,0,1,0,0,1,1,0,1,1,1,1,0,0
116,0,1,1,1,1,0,1,1,1,0,0,0,0,0,1,0,0,0,0,1,0,0,1,1,0,1,1,1,1,0,0
117,0,1,1,1,1,0,1,1,1,0,0,0,0,0,1,0,0,0,0,1,0,0,1,1,0,1,1,1,1,0,0
118,0,1,1,1,1,0,1,1,1,0,0,0,0,0,1,0,0,0,0,1,0,0,1,1,0,1,1,1,1,0,0
119,0,1,1,1,1,0,1,1,1,0,0,0,0,0,1,0,0,0,0,1,0,0,1,1,0,1,1,1,1,0,0
120,0,1,1,1,1,0,1,1,1,0,0,0,0,0,1,0,0,0,0,1,0,0,1,1,0,1,1,1,1,0,0
121,0,1,1,1,1,0,1,1,1,0,0,0,0,0,1,0,0,0,0,1,0,0,1,1,0,1,1,1,1,0,0
122,0,1,1,1,1,0,1,1,1,0,0,0,0,0,1,0,0,0,0,1,0,0,1,1,0,1,1,1,1,0,0
123,0,1,1,1,1,0,1,1,1,0,0,0,0,0,1,0,0,0,0,1,0,0,1,1,0,1,1,1,1,0,0
124,0,1,1,1,1,0,1,1,1,0,0,0,0,0,1,0,0,0,0,1,0,0,1,1,0,1,1,1,1,0,0
125,0,1,1,1,1,0,1,1,1,0,0,0,0,0,1,0,0,0,0,1,0,0,1,1,0,1,1,1,1,0,0
126,0,1,1,1,1,0,1,1,1,0,0,0,0,0,1,0,0,0,0,1,0,0,1,1,0,1,1,1,1,0,0
127,0,1,1,1,1,0,1,1,1,0,0,0,0,0,1,0,0,0,0,1,0,0,1,1,0,1,1,1,1,0,0
128,0,1,1,1,1,0,1,1,1,0,0,0,0,0,1,0,0,0,0,1,0,0,1,1,0,1,1,1,1,0,0
129,0,1,1,1,1,0,1,1,1,0,0,0,0,0,1,0,0,0,0,1,0,0,1,1,0,1,1,1,1,0,0
130,0,1,1,1,1,0,1,1,1,0,0,0,0,0,1,0,0,0,0,1,0,0,1,1,0,1,1,1,1,0,0
131,0,1,1,1,1,0,1,1,1,0,0,0,0,0,1,0,0,0,0,1,0,0,1,1,0,1,1,1,1,0,0
132,0,1,1,1,1,0,1,1,1,0,0,0,0,0,1,0,0,0,0,1,0,0,1,1,0,1,1,1,1,0,0
133,0,1,1,1,1,0,1,1,1,0,0,0,0,0,1,0,0,0,0,1,0,0,1,1,0,1,1,1,1,0,0
134,0,1,1,1,1,0,1,1,1,0,0,0,0,0,1,0,0,0,0,1,0,0,1,1,0,1,1,1,1,0,0
135,0,1,1,1,1,0,1,1,1,0,0,0,0,0,1,0,0,0,0,1,0,0,1,1,0,1,1,1,1,0,0
136,0,1,1,1,1,0,1,1,1,0,0,0,0,0,1,0,0,0,0,1,0,0,1,1,0,1,1,1,1,0,0
137,0,1,1,1,1,0,1,1,1,0,0,0,0,0,1,0,0,0,0,1,0,0,1,1,0,1,1,1,1,0,0
138,0,1,1,1,1,0,1,1,1,0,0,0,0,0,1,0,0,0,0,1,0,0,1,1,0,1,1,1,1,0,0
139,0,1,1,1,1,0,1,1,1,0,0,0,0,0,1,0,0,0,0,1,0,0,1,1,0,1,1,1,1,0,0
140,0,1,1,1,1,0,1,1,1,0,0,0,0,0,1,0,0,0,0,1,0,0,1,1,0,1,1,1,1,0,0
141,0,1,1,1,1,0,1,1,1,0,0,0,0,0,1,0,0,0,0,1,0,0,1,1,0,1,1,1,1,0,0
142,0,1,1,1,1,0,1,1,1,0,0,0,0,0,1,0,0,0,0,1,0,0,1,1,0,1,1,1,1,0,0
143,1,0,0,0,0,1,0,0,0,1,1,1,1,1,0,1,1,1,1,0,1,1,0,0,1,0,0,0,0,1,1
144,1,0,0,0,0,1,0,0,0,1,1,1,1,1,0,1,1,1,1,0,1,1,0,0,1,0,0,0,0,1,1
145,1,0,0,0,0,1,0,0,0,1,1,1,1,1,0,1,1,1,1,0,1,1,0,0,1,0,0,0,0,1,1
146,1,0,0,0,0,1,0,0,0,1,1,1,1,1,0,1,1,1,1,0,1,1,0,0,1,0,0,0,0,1,1
147,1,0,0,0,0,1,0,0,0,1,1,1,1,1,0,1,1,1,1,0,1,1,0,0,1,0,0,0,0,1,1
148,1,0,0,0,0,1,0,0,0,1,1,1,1,1,0,1,1,1,1,0,1,1,0,0,1,0,0,0,0,1,1
149,1,0,0,0,0,1,0,0,0,1,1,1,1,1,0,1,1,1,1,0,1,1,0,0,1,0,0,0,0,1,1
150,1,0,0,0,0,1,0,0,0,1,1,1,1,1,0,1,1,1,1,0,1,1,0,0,1,0,0,0,0,1,1
151,1,0,0,0,0,1,0,0,0,1,1,1,1,1,0,1,1,1,1,0,1,1,0,0,1,0,0,0,0,1,1
152,1,0,0,0,0,1,0,0,0,1,1,1,1,1,0,1,1,1,1,0,1,1,0,0,1,0,0,0,0,1,1
153,1,0,0,0,0,1,0,0,0,1,1,1,1,1,0,1,1,1,1,0,1,1,0,0,1,0,0,0,0,1,1
154,1,0,0,0,0,1,0,0,0,1,1,1,1,1,0,1,1,1,1,0,1,1,0,0,1,0,0,0,0,1,1
155,1,0,0,0,0,1,0,0,0,1,1,1,1,1,0,1,1,1,1,0,1,1,0,0,1,0,0,0,0,1,1
156,1,0,0,0,0,1,0,0,0,1,1,1,1,1,0,1,1,1,1,0,1,1,0,0,1,0,0,0,0,1,1
157,1,0,0,0,0,1,0,0,0,1,1,1,1,1,0,1,1,1,1,0,1,1,0,0,1,0,0,0,0,1,1
158,1,0,0,0,0,1,0,0,0,1,1,1,1,1,0,1,1,1,1,0,1,1,0,0,1,0,0,0,0,1,1
159,1,0,0,0,0,1,0,0,0,1,1,1,1,1,0,1,1,1,1,0,1,1,0,0,1,0,0,0,0,1,1
160,1,0,0,0,0,1,0,0,0,1,1,1,1,1,0,1,1,1,1,0,1,1,0,0,1,0,0,0,0,1,1
161,1,0,0,0,0,1,0,0,0,1,1,1,1,1,0,1,1,1,1,0,1,1,0,0,1,0,0,0,0,1,1
162,1,0,0,0,0,1,0,0,0,1,1,1,1,1,0,1,1,1,1,0,1,1,0,0,1,0,0,0,0,1,1
163,1,0,0,0,0,1,0,0,0,1,1,1,1,1,0,1,1,1,1,0,1,1,0,0,1,0,0,0,0,1,1
164,1,0,0,0,0,1,0,0,0,1,1,1,1,1,0,1,1,1,1,0,1,1,0,0,1,0,0,0,0,1,1
165,1,0,0,0,0,1,0,0,0,1,1,1,1,1,0,1,1,1,1,0,1,1,0,0,1,0,0,0,0,1,1
166,1,0,0,0,0,1,0,0,0,1,1,1,1,1,0,1,1,1,1,0,1,1,0,0,1,0,0,0,0,1,1
167,1,0,0,0,0,1,0,0,0,1,1,1,1,1,0,1,1,1,1,0,1,1,0,0,1,0,0,0,0,1,1
168,1,0,0,0,0,1,0,0,0,1,1,1,1,1,0,1,1,1,1,0,1,1,0,0,1,0,0,0,0,1,1
169,1,0,0,0,0,1,0,0,0,1,1,1,1,1,0,1,1,1,1,0,1,1,0,0,1,0,0,0,0,1,1
170,1,0,0,0,0,1,0,0,0,1,1,1,1,1,0,1,1,1,1,0,1,1,0,0,1,0,0,0,0,1,1
171,1,0,0,0,0,1,0,0,0,1,1,1,1,1,0,1,1,1,1,0,1,1,0,0,1,0,0,0,0,1,1
172,1,0,0,0,0,1,0,0,0,1,1,1,1,1,0,1,1,1,1,0,1,1,0,0,1,0,0,0,0,1,1
173,1,0,0,0,0,1,0,0,0,1,1,1,1,1,0,1,1,1,1,0,1,1,0,0,1,0,0,0,0,1,1
174,0,1,1,1,1,0,1,1,1,0,0,0,0,0,1,0,0,0,0,1,0,0,1,1,0,1,1,1,1,0,0
175,1,0,0,0,0,1,0,0,0,1,1,1,1,1,0,1,1,1,1,0,1,1,0,0,1,0,0,0,0,1,1
176,0,1,1,1,1,0,1,1,1,0,0,0,0,0,1,0,0,0,0,1,0,0,1,1,0,1,1,1,1,0,0
177,1,0,0,0,0,1,0,0,0,1,1,1,1,1,0,1,1,1,1,0,1,1,0,0,1,0,0,0,0,1,1
178,1,0,0,0,0,1,0,0,0,1,1,1,1,1,0,1,1,1,1,0,1,1,0,0,1,0,0,0,0,1,1
179,0,1,1,1,1,0,1,1,1,0,0,0,0,0,1,0,0,0,0,1,0,0,1,1,0,1,1,1,1,0,0
180,1,0,0,0,0,1,0,0,0,1,1,1,1,1,0,1,1,1,1,0,1,1,0,0,1,0,0,0,0,1,1
181,1,0,0,0,0,1,0,0,0,1,1,1,1,1,0,1,1,1,1,0,1,1,0,0,1,0,0,0,0,1,1
182,0,1,1,1,1,0,1,1,1,0,0,0,0,0,1,0,0,0,0,1,0,0,1,1,0,1,1,1,1,0,0
183,0,1,1,1,1,0,1,1,1,0,0,0,0,0,1,0,0,0,0,1,0,0,1,1,0,1,1,1,1,0,0
184,0,1,1,1,1,0,1,1,1,0,0,0,0,0,1,0,0,0,0,1,0,0,1,1,0,1,1,1,1,0,0
185,0,1,1,1,1,0,1,1,1,0,0,0,0,0,1,0,0,0,0,1,0,0,1,1,0,1,1,1,1,0,0
186,0,1,1,1,1,0,1,1,1,0,0,0,0,0,1,0,0,0,0,1,0,0,1,1,0,1,1,1,1,0,0
187,0,1,1,1,1,0,1,1,1,0,0,0,0,0,1,0,0,0,0,1,0,0,1,1,0,1,1,1,1,0,0
188,0,1,1,1,1,0,1,1,1,0,0,0,0,0,1,0,0,0,0,1,0,0,1,1,0,1,1,1,1,0,0
189,0,1,1,1,1,0,1,1,1,0,0,0,0,0,1,0,0,0,0,1,0,0,1,1,0,1,1,1,1,0,0
190,0,1,1,1,1,0,1,1,1,0,0,0,0,0,1,0,0,0,0,1,0,0,1,1,0,1,1,1,1,0,0
191,0,1,1,1,1,0,1,1,1,0,0,0,0,0,1,0,0,0,0,1,0,0,1,1,0,1,1,1,1,0,0
192,0,1,1,1,1,0,1,1,1,0,0,0,0,0,1,0,0,0,0,1,0,0,1,1,0,1,1,1,1,0,0
193,0,1,1,1,1,0,1,1,1,0,0,0,0,0,1,0,0,0,0,1,0,0,1,1,0,1,1,1,1,0,0
194,0,1,1,1,1,0,1,1,1,0,0,0,0,0,1,0,0,0,0,1,0,0,1,1,0,1,1,1,1,0,0
195,0,1,1,1,1,0,1,1,1,0,0,0,0,0,1,0,0,0,0,1,0,0,1,1,0,1,1,1,1,0,0
196,0,1,1,1,1,0,1,1,1,0,0,0,0,0,1,0,0,0,0,1,0,0,1,1,0,1,1,1,1,0,0
197,0,1,1,1,1,0,1,1,1,0,0,0,0,0,1,0,0,0,0,1,0,0,1,1,0,1,1,1,1,0,0
198,0,1,1,1,1,0,1,1,1,0,0,0,0,0,1,0,0,0,0,1,0,0,1,1,0,1,1,1,1,0,0
199,0,1,1,1,1,0,1,1,1,0,0,0,0,0,1,0,0,0,0,1,0,0,1,1,0,1,1,1,1,0,0
200,0,1,1,1,1,0,1,1,1,0,0,0,0,0,1,0,0,0,0,1,0,0,1,1,0,1,1,1,1,0,0
201,0,1,1,1,1,0,1,1,1,0,0,0,0,0,1,0,0,0,0,1,0,0,1,1,0,1,1,1,1,0,0
202,0,1,1,1,1,0,1,1,1,0,0,0,0,0,1,0,0,0,0,1,0,0,1,1,0,1,1,1,1,0,0
203,0,1,1,1,1,0,1,1,1,0,0,0,0,0,1,0,0,0,0,1,0,0,1,1,0,1,1,1,1,0,0
204,0,1,1,1,1,0,1,1,1,0,0,0,0,0,1,0,0,0,0,1,0,0,1,1,0,1,1,1,1,0,0
205,0,1,1,1,1,0,1,1,1,0,0,0,0,0,1,0,0,0,0,1,0,0,1,1,0,1,1,1,1,0,0
206,0,1,1,1,1,0,1,1,1,0,0,0,0,0,1,0,0,0,0,1,0,0,1,1,0,1,1,1,1,0,0
207,0,1,1,1,1,0,1,1,1,0,0,0,0,0,1,0,0,0,0,1,0,0,1,1,0,1,1,1,1,0,0
208,0,1,1,1,1,0,1,1,1,0,0,0,0,0,1,0,0,0,0,1,0,0,1,1,0,1,1,1,1,0,0
209,0,1,1,1,1,0,1,1,1,0,0,0,0,0,1,0,0,0,0,1,0,0,1,1,0,1,1,1,1,0,0
210,0,1,1,1,1,0,1,1,1,0,0,0,0,0,1,0,0,0,0,1,0,0,1,1,0,1,1,1,1,0,0
211,0,1,1,1,1,0,1,1,1,0,0,0,0,0,1,0,0,0,0,1,0,0,1,1,0,1,1,1,1,0,0
212,0,1,1,1,1,0,1,1,1,0,0,0,0,0,1,0,0,0,0,1,0,0,1,1,0,1,1,1,1,0,0
213,0,1,1,1,1,0,1,1,1,0,0,0,0,0,1,0,0,0,0,1,0,0,1,1,0,1,1,1,1,0,0
214,0,1,1,1,1,0,1,1,1,0,0,0,0,0,1,0,0,0,0,1,0,0,1,1,0,1,1,1,1,0,0
215,0,1,1,1,1,0,1,1,1,0,0,0,0,0,1,0,0,0,0,1,0,0,1,1,0,1,1,1,1,0,0
216,1,0,0,0,1,1,0,0,0,1,1,1,1,1,0,1,1,1,1,0,1,1,0,0,1,0,0,0,0,1,1
217,0,1,1,1,1,0,1,1,1,0,0,0,0,0,1,0,0,0,0,1,0,0,1,1,0,1,1,1,1,0,0
218,0,1,1,1,1,0,1,1,1,0,0,0,0,0,1,0,0,0,0,1,0,0,1,1,0,1,1,1,1,0,0
219,1,0,0,0,0,1,0,0,0,1,1,1,1,1,0,1,1,1,1,0,1,1,0,0,1,0,0,0,0,1,1
220,1,0,0,0,0,1,0,0,0,1,1,1,1,1,0,1,1,1,1,0,1,1,0,0,1,0,0,0,0,1,1
221,1,0,0,0,0,1,0,0,0,1,1,1,1,1,0,1,1,1,1,0,1,1,0,0,1,0,0,0,0,1,1
222,0,1,1,1,1,0,1,1,1,0,0,0,0,0,1,0,0,0,0,1,0,0,1,1,0,1,1,1,1,0,0
223,1,0,0,0,0,1,0,0,0,1,1,1,1,1,0,1,1,1,1,0,1,1,0,0,1,0,0,0,0,1,1
224,1,0,0,0,0,1,0,0,0,1,1,1,1,1,0,1,1,1,1,0,1,1,0,0,1,0,0,0,0,1,1
225,1,0,0,0,0,1,0,0,0,1,1,1,1,1,0,1,1,1,1,0,1,1,0,0,1,0,0,0,0,1,1
226,1,0,0,0,0,1,0,0,0,1,1,1,1,1,0,1,1,1,1,0,1,1,0,0,1,0,0,0,0,1,1
227,1,0,0,0,0,1,0,0,0,1,1,1,1,1,0,1,1,1,1,0,1,1,0,0,1,0,0,0,0,1,1
228,1,0,0,0,0,1,0,0,0,1,1,1,1,1,0,1,1,1,1,0,1,1,0,0,1,0,0,0,0,1,1
229,1,0,0,0,0,1,0,0,0,1,1,1,1,1,0,1,1,1,1,0,1,1,0,0,1,0,0,0,0,1,1
230,1,0,0,0,0,1,0,0,0,1,1,1,1,1,0,1,1,1,1,0,1,1,0,0,1,0,0,0,0,1,1
231,1,0,0,0,0,1,0,0,0,1,1,1,1,1,0,1,1,1,1,0,1,1,0,0,1,0,0,0,0,1,1
232,1,0,0,0,0,1,0,0,0,1,1,1,1,1,0,1,1,1,1,0,1,1,0,0,1,0,0,0,0,1,1
233,1,0,0,0,0,1,0,0,0,1,1,1,1,1,0,1,1,1,1,0,1,1,0,0,1,0,0,0,0,1,1
234,1,0,0,0,0,1,0,0,0,1,1,1,1,1,0,1,1,1,1,0,1,1,0,0,1,0,0,0,0,1,1
235,1,0,0,0,0,1,0,0,0,1,1,1,1,1,0,1,1,1,1,0,1,1,0,0,1,0,0,0,0,1,1
236,1,0,0,0,0,1,0,0,0,1,1,1,1,1,0,1,1,1,1,0,1,1,0,0,1,0,0,0,0,1,1
237,1,0,0,0,0,1,0,0,0,1,1,1,1,1,0,1,1,1,1,0,1,1,0,0,1,0,0,0,0,1,1
238,1,0,0,0,0,1,0,0,0,1,1,1,1,1,0,1,1,1,1,0,1,1,0,0,1,0,0,0,0,1,1
239,1,0,0,0,0,1,0,0,0,1,1,1,1,1,0,1,1,1,1,0,1,1,0,0,1,0,0,0,0,1,1
240,1,0,0,0,0,1,0,0,0,1,1,1,1,1,0,1,1,1,1,0,1,1,0,0,1,0,0,0,0,1,1
241,1,0,0,0,0,1,0,0,0,1,1,1,1,1,0,1,1,1,1,0,1,1,0,0,1,0,0,0,0,1,1
242,1,0,0,0,0,1,0,0,0,1,1,1,1,1,0,1,1,1,1,0,1,1,0,0,1,0,0,0,0,1,1
243,1,0,0,0,0,1,0,0,0,1,1,1,1,1,0,1,1,1,1,0,1,1,0,0,1,0,0,0,0,1,1
244,1,0,0,0,0,1,0,0,0,1,1,1,1,1,0,1,1,1,1,0,1,1,0,0,1,0,0,0,0,1,1
245,1,0,0,0,0,1,0,0,0,1,1,1,1,1,0,1,1,1,1,0,1,1,0,0,1,0,0,0,0,1,1
246,1,0,0,0,0,1,0,0,0,1,1,1,1,1,0,1,1,1,1,0,1,1,0,0,1,0,0,0,0,1,1
247,1,0,0,0,0,1,0,0,0,1,1,1,1,1,0,1,1,1,1,0,1,1,0,0,1,0,0,0,0,1,1
248,0,1,1,1,1,0,1,1,1,0,0,0,0,0,1,0,0,0,0,1,0,0,1,1,0,1,1,1,1,0,0
249,1,0,0,0,0,1,0,0,0,1,1,1,1,1,0,1,1,1,1,0,1,1,0,0,1,0,0,0,0,1,1
250,1,0,0,0,0,1,0,0,0,1,1,1,1,1,0,1,1,1,1,0,1,1,0,0,1,0,0,0,0,1,1
251,1,0,0,0,0,1,0,0,0,1,1,1,1,1,0,1,1,1,1,0,1,1,0,0,1,0,0,0,0,1,1
252,0,1,1,1,1,0,1,1,1,0,0,0,0,0,1,0,0,0,0,1,0,0,1,1,0,1,1,1,1,0,0
253,1,1,0,0,0,0,0,0,0,1,0,1,0,1,1,1,1,1,1,0,1,1,1,0,1,0,0,0,0,0,0
254,1,0,0,0,0,1,0,0,0,1,1,1,1,1,0,1,1,1,1,0,1,1,0,0,1,0,0,0,0,1,1
255,0,1,1,1,1,0,1,1,1,0,0,0,0,0,1,0,0,0,0,1,0,0,1,1,0,1,1,1,1,0,0
256,0,1,1,1,1,0,1,1,1,0,0,0,0,0,1,0,0,0,0,1,0,0,1,1,0,1,1,1,1,0,0
257,0,1,1,1,1,0,1,1,1,0,0,0,0,0,1,0,0,0,0,1,0,0,1,1,0,1,1,1,1,0,0
258,1,0,0,0,0,1,0,0,0,1,1,1,1,1,0,1,1,1,1,0,1,1,0,0,1,0,0,0,0,1,1
259,1,0,0,0,0,1,0,0,0,1,1,1,1,1,0,1,1,1,1,0,1,1,0,0,1,0,0,0,0,1,1
260,1,0,0,0,0,1,0,0,0,1,1,1,1,1,0,1,1,1,1,0,1,1,0,0,1,0,0,0,0,1,1
261,0,1,1,1,1,0,1,1,1,0,0,0,0,0,1,0,0,0,0,1,0,0,1,1,0,1,1,1,1,0,0
262,0,1,1,1,1,0,1,1,1,0,0,0,0,0,1,0,0,0,0,1,0,0,1,1,0,1,1,1,1,0,0
263,0,1,1,1,1,0,1,1,1,0,0,0,0,0,1,0,0,0,0,1,0,0,1,1,0,1,1,1,1,0,0
264,1,0,0,0,0,1,0,0,0,1,1,1,1,1,0,1,1,1,1,0,1,1,0,0,1,0,0,0,0,1,1
265,1,0,0,0,0,1,0,0,0,1,1,1,1,1,0,1,1,1,1,0,1,1,0,0,1,0,0,0,0,1,1
266,1,0,0,0,0,1,0,0,0,1,1,1,1,1,0,1,1,1,1,0,1,1,0,0,1,0,0,0,0,1,1
267,0,1,1,1,1,0,1,1,1,0,0,0,0,0,1,0,0,0,0,1,0,0,1,1,0,1,1,1,1,0,0
268,1,0,0,0,0,1,0,0,0,1,1,1,1,1,0,1,1,1,1,0,1,1,0,0,1,0,0,0,0,1,1
269,1,0,0,0,0,1,0,0,0,1,1,1,1,1,0,1,1,1,1,0,1,1,0,0,1,0,0,0,0,1,1
270,1,0,0,0,0,1,0,0,0,1,1,1,1,1,0,1,1,1,1,0,1,1,0,0,1,0,0,0,0,1,1
271,1,0,0,0,0,1,0,0,0,1,1,1,1,1,0,1,1,1,1,0,1,1,0,0,1,0,0,0,0,1,1
272,1,0,0,0,0,1,0,0,0,1,1,1,1,1,0,1,1,1,1,0,1,1,0,0,1,0,0,0,0,1,1
273,1,0,0,0,0,1,0,0,0,1,1,1,1,1,0,1,1,1,1,0,1,1,0,0,1,0,0,0,0,1,1
274,1,0,0,0,0,1,0,0,0,1,1,1,1,1,0,1,1,1,1,0,1,1,0,0,1,0,0,0,0,1,1
275,1,0,0,0,0,1,0,0,0,1,1,1,1,1,0,1,1,1,1,0,1,1,0,0,1,0,0,0,0,1,1
276,1,0,0,0,0,1,0,0,0,1,1,1,1,1,0,1,1,1,1,0,1,1,0,0,1,0,0,0,0,1,1
277,1,0,0,0,0,1,0,0,0,1,1,1,1,1,0,1,1,1,1,0,1,1,0,0,1,0,0,0,0,1,1
278,1,0,0,0,0,1,0,0,0,1,1,1,1,1,0,1,1,1,1,0,1,1,0,0,1,0,0,0,0,1,1
279,1,0,0,0,0,1,0,0,0,1,1,1,1,1,0,1,1,1,1,0,1,1,0,0,1,0,0,0,0,1,1
280,1,0,0,0,0,1,0,0,0,1,1,1,1,1,0,1,1,1,1,0,1,1,0,0,1,0,0,0,0,1,1
281,1,0,0,0,0,1,0,0,0,1,1,1,1,1,0,1,1,1,1,0,1,1,0,0,1,0,0,0,0,1,1
282,1,0,0,0,0,1,0,0,0,1,1,1,1,1,0,1,1,1,1,0,1,1,0,0,1,0,0,0,0,1,1
283,1,0,0,0,0,1,0,0,0,1,1,1,1,1,0,1,1,1,1,0,1,1,0,0,1,0,0,0,0,1,1
284,1,0,0,0,0,1,0,0,0,1,1,1,1,1,0,1,1,1,1,0,1,1,0,0,1,0,0,0,0,1,1
285,1,0,0,0,0,1,0,0,0,1,1,1,1,1,0,1,1,1,1,0,1,1,0,0,1,0,0,0,0,1,1
286,1,0,0,0,0,1,0,0,0,1,1,1,1,1,0,1,1,1,1,0,1,1,0,0,1,0,0,0,0,1,1
287,1,0,0,0,0,1,0,0,0,1,1,1,1,1,0,1,1,1,1,0,1,1,0,0,1,0,0,0,0,1,1
288,1,0,0,0,0,1,0,0,0,1,1,1,1,1,0,1,1,1,1,0,1,1,0,0,1,0,0,0,0,1,1
289,1,0,0,0,0,1,0,0,0,1,1,1,1,1,0,1,1,1,1,0,1,1,0,0,1,0,0,0,0,1,1
290,1,0,0,0,0,1,0,0,0,1,1,1,1,1,0,1,1,1,1,0,1,1,0,0,1,0,0,0,0,1,1
291,1,0,0,0,0,1,0,0,0,1,1,1,1,1,0,1,1,1,1,0,1,1,0,0,1,0,0,0,0,1,1
292,1,0,0,0,0,1,0,0,0,1,1,1,1,1,0,1,1,1,1,0,1,1,0,0,1,0,0,0,0,1,1
293,1,0,0,0,0,1,0,0,0,1,1,1,1,1,0,1,1,1,1,0,1,1,0,0,1,0,0,0,0,1,1
294,1,0,0,0,0,1,0,0,0,1,1,1,1,1,0,1,1,1,1,0,1,1,0,0,1,0,0,0,0,1,1
295,1,0,0,0,0,1,0,0,0,1,1,1,1,1,0,1,1,1,1,0,1,1,0,0,1,0,0,0,0,1,1
296,1,0,0,0,0,1,0,0,0,1,1,1,1,1,0,1,1,1,1,0,1,1,0,0,1,0,0,0,0,1,1
297,1,0,0,0,0,1,0,0,0,1,1,1,1,1,0,1,1,1,1,0,1,1,0,0,1,0,0,0,0,1,1
298,1,0,0,0,0,1,0,0,0,1,1,1,1,1,0,1,1,1,1,0,1,1,0,0,1,0,0,0,0,1,1
299,1,0,0,0,0,1,0,0,0,1,1,1,1,1,0,1,1,1,1,0,1,1,0,0,1,0,0,0,0,1,1
300,1,0,0,0,0,1,0,0,0,1,1,1,1,1,0,1,1,1,1,0,1,1,0,0,1,0,0,0,0,1,1
301,1,0,0,0,0,1,0,0,0,1,1,1,1,1,0,1,1,1,1,0,1,1,0,0,1,0,0,0,0,1,1
302,1,0,0,0,0,1,0,0,0,1,1,1,1,1,0,1,1,1,1,0,1,1,0,0,1,0,0,0,0,1,1
303,1,0,0,0,0,1,0,0,0,1,1,1,1,1,0,1,1,1,1,0,1,1,0,0,1,0,0,0,0,1,1
304,1,0,0,0,0,1,0,0,0,1,1,1,1,1,0,1,1,1,1,0,1,1,0,0,1,0,0,0,0,1,1
305,1,0,0,0,0,1,0,0,0,1,1,1,1,1,0,1,1,1,1,0,1,1,0,0,1,0,0,0,0,1,1
306,1,0,0,0,0,1,0,0,0,1,1,1,1,1,0,1,1,1,1,0,1,1,0,0,1,0,0,0,0,1,1
307,0,1,1,1,1,0,1,1,1,0,0,0,0,0,1,0,0,0,0,1,0,0,1,1,0,1,1,1,1,0,0
308,1,0,0,0,0,1,0,0,0,1,1,1,1,1,0,1,1,1,1,0,1,1,0,0,1,0,0,0,0,1,1
309,1,0,0,0,0,1,0,0,0,1,1,1,1,1,0,1,1,1,1,0,1,1,0,0,1,0,0,0,0,1,1
310,0,1,1,1,1,0,1,1,1,0,0,0,0,0,1,0,0,0,0,1,0,0,1,1,0,1,1,1,1,0,0
311,1,0,0,0,0,1,0,0,0,1,1,1,1,1,0,1,1,1,1,0,1,1,0,0,1,0,0,0,0,1,1
312,1,0,0,0,0,1,0,0,0,1,1,1,1,1,0,1,1,1,1,0,1,1,0,0,1,0,0,0,0,1,1
313,0,1,1,1,1,0,1,1,1,0,0,0,0,0,1,0,0,0,0,1,0,0,1,1,0,1,1,1,1,0,0
314,0,1,1,1,1,0,1,1,1,0,0,0,0,0,1,0,0,1,0,1,0,0,1,1,0,1,1,1,1,0,0
315,0,1,1,1,1,0,1,1,1,0,0,0,0,0,1,0,0,0,0,1,0,0,1,1,0,1,1,1,1,0,0
316,0,1,1,1,1,0,1,1,1,0,0,0,0,0,1,0,0,0,0,1,0,0,1,1,0,1,1,1,1,0,0
317,0,1,1,1,1,0,1,1,1,0,0,0,0,0,1,0,0,0,0,1,0,0,1,1,0,1,1,1,1,0,0
318,0,1,1,1,1,0,1,1,1,0,0,0,0,0,1,0,0,0,0,1,0,0,1,1,0,1,1,1,1,0,0
319,0,1,1,1,1,0,1,1,1,0,0,0,0,0,1,0,0,0,0,1,0,0,1,1,0,1,1,1,1,0,0
320,0,1,1,1,1,0,1,1,1,0,0,0,0,0,1,0,0,0,0,1,0,0,1,1,0,1,1,1,1,0,0
321,0,1,1,1,1,0,1,1,1,0,0,0,0,0,1,0,0,0,0,1,0,0,1,1,0,1,1,1,1,0,0
322,0,1,1,1,1,0,1,1,1,0,0,0,0,0,1,0,0,0,0,1,0,0,1,1,0,1,1,1,1,0,0
323,0,1,1,1,1,0,1,1,1,0,0,0,0,0,1,0,0,0,0,1,0,0,1,1,0,1,1,1,1,0,0
324,0,1,1,1,1,0,1,1,1,0,0,0,0,0,1,0,0,0,0,1,0,0,1,1,0,1,1,1,1,0,0
325,0,1,1,1,1,0,1,1,1,0,0,0,0,0,1,0,0,0,0,1,0,0,1,1,0,1,1,1,1,0,0
326,0,1,1,1,1,0,1,1,1,0,0,0,0,0,1,0,0,0,0,1,0,0,1,1,0,1,1,1,1,0,0
327,0,1,1,1,1,0,1,1,1,0,0,0,0,0,1,0,0,0,0,1,0,0,1,1,0,1,1,1,1,0,0
328,0,1,1,1,1,0,1,1,1,0,0,0,0,0,1,0,0,0,0,1,0,0,1,1,0,1,1,1,1,0,0
329,0,1,1,1,1,0,1,1,1,0,0,0,0,0,1,0,0,0,0,1,0,0,1,1,0,1,1,1,1,0,0
330,0,1,1,1,1,0,1,1,1,0,0,0,0,0,1,0,0,0,0,1,0,0,1,1,0,1,1,1,1,0,0
331,0,1,1,1,1,0,1,1,1,0,0,0,0,0,1,0,0,0,0,1,0,0,1,1,0,1,1,1,1,0,0
332,0,1,1,1,1,0,1,1,1,0,0,0,0,0,1,0,0,0,0,1,0,0,1,1,0,1,1,1,1,0,0
333,0,1,1,1,1,0,1,1,1,0,0,0,0,0,1,0,0,0,0,1,0,0,1,1,0,1,1,1,1,0,0
334,0,1,1,1,1,0,1,1,1,0,0,0,0,0,1,0,0,0,0,1,0,0,1,1,0,1,1,1,1,0,0
335,0,1,1,1,1,0,1,1,1,0,0,0,0,0,1,0,0,0,0,1,0,0,1,1,0,1,1,1,1,0,0
336,0,1,1,1,1,0,1,1,1,0,0,0,0,0,1,0,0,0,0,1,0,0,1,1,0,1,1,1,1,0,0
337,0,1,1,1,1,0,1,1,1,0,0,0,0,0,1,0,0,0,0,1,0,0,1,1,0,1,1,1,1,0,0
338,0,1,1,1,1,0,1,1,1,0,0,0,0,0,1,0,0,0,0,1,0,0,1,1,0,1,1,1,1,0,0
339,0,1,1,1,1,0,1,1,1,0,0,0,0,0,1,0,0,0,0,1,0,0,1,1,0,1,1,1,1,0,0
340,0,1,1,1,1,0,1,1,1,0,0,0,0,0,1,0,0,0,0,1,0,0,1,1,0,1,1,1,1,0,0
341,0,1,1,1,1,0,1,1,1,0,0,0,0,0,1,0,0,0,0,1,0,0,1,1,0,1,1,1,1,0,0
342,0,1,1,1,1,0,1,1,1,0,0,0,0,0,1,0,0,0,0,1,0,0,1,1,0,1,1,1,1,0,0
343,0,1,1,1,1,0,1,1,1,0,0,0,0,0,1,0,0,0,0,1,0,0,1,1,0,1,1,1,1,0,0
344,0,1,1,1,1,0,1,1,1,0,0,0,0,0,1,0,0,0,0,1,0,0,1,1,0,1,1,1,1,0,0
345,0,1,1,1,1,0,1,1,1,0,0,0,0,0,1,0,0,0,0,1,0,0,1,1,0,1,1,1,1,0,0
346,0,1,1,1,1,0,1,1,1,0,0,0,0,0,1,0,0,0,0,1,0,0,1,1,0,1,1,1,1,0,0
347,0,1,1,1,1,0,1,1,1,0,0,0,0,0,1,0,0,0,0,1,0,0,1,1,0,1,1,1,1,0,0
348,1,0,0,0,0,1,0,0,0,1,1,1,1,1,0,1,1,1,1,0,1,1,0,0,1,0,0,0,0,1,1
349,1,0,0,0,0,1,0,0,0,1,1,1,1,1,0,1,1,1,1,0,1,1,0,0,1,0,0,0,0,1,1
350,1,0,0,0,0,1,0,0,0,1,1,1,1,1,0,1,1,1,1,0,1,1,0,0,1,0,0,0,0,1,1
351,1,0,0,0,0,1,0,0,0,1,1,1,1,1,0,1,1,1,1,0,1,1,0,0,1,0,0,0,0,1,1
352,1,0,0,0,0,1,0,0,0,1,1,1,1,1,0,1,1,1,1,0,1,1,0,0,1,0,0,0,0,1,1
353,1,0,0,0,0,1,0,0,0,1,1,1,1,1,0,1,1,1,1,0,1,1,0,0,1,0,0,0,0,1,1
354,1,0,0,0,0,1,0,0,0,1,1,1,1,1,0,1,1,1,1,0,1,1,0,0,1,0,0,0,0,1,1
355,1,0,0,0,0,1,0,0,0,1,1,1,1,1,0,1,1,1,1,0,1,1,0,0,1,0,0,0,0,1,1
356,1,0,0,0,0,1,0,0,0,1,1,1,1,1,0,1,1,1,1,0,1,1,0,0,1,0,0,0,0,1,1
357,1,0,0,0,0,1,0,0,0,1,1,1,1,1,0,1,1,1,1,0,1,1,0,0,1,0,0,0,0,1,1
358,1,0,0,0,0,1,0,0,0,1,1,1,1,1,0,1,1,1,1,0,1,1,0,0,1,0,0,0,0,1,1
359,1,0,0,0,0,1,0,0,0,1,1,1,1,1,0,1,1,1,1,0,1,1,0,0,1,0,0,0,0,1,1
360,1,0,0,0,0,1,0,0,0,1,1,1,1,1,0,1,1,1,1,0,1,1,0,0,1,0,0,0,0,1,1
361,1,0,0,0,0,1,0,0,0,1,1,1,1,1,0,1,1,1,1,0,1,1,0,0,1,0,0,0,0,1,1
362,1,0,0,0,0,1,0,0,0,1,1,1,1,1,0,1,1,1,1,0,1,1,0,0,1,0,0,0,0,1,1
363,1,0,0,0,0,1,0,0,0,1,1,1,1,1,0,1,1,1,1,0,1,1,0,0,1,0,0,0,0,1,1
364,1,0,0,0,0,1,0,0,0,1,1,1,1,1,0,1,1,1,1,0,1,1,0,0,1,0,0,0,0,1,1
365,1,0,0,0,0,1,0,0,0,1,1,1,1,1,0,1,1,1,1,0,1,1,0,0,1,0,0,0,0,1,1
366,1,0,0,0,0,1,0,0,0,1,1,1,1,1,0,1,1,1,1,0,1,1,0,0,1,0,0,0,0,1,1
367,1,0,0,0,0,1,0,0,0,1,1,1,1,1,0,1,1,1,1,0,1,1,0,0,1,0,0,0,0,1,1
368,1,0,0,0,0,1,0,0,0,1,1,1,1,1,0,1,1,1,1,0,1,1,0,0,1,0,0,0,0,1,1
369,1,0,0,0,0,1,0,0,0,1,1,1,1,1,0,1,1,1,1,0,1,1,0,0,1,0,0,0,0,1,1
370,1,0,0,0,0,1,0,0,0,1,1,1,1,1,0,1,1,1,1,0,1,1,0,0,1,0,0,0,0,1,1
371,1,0,0,0,0,1,0,0,0,1,1,1,1,1,0,1,1,1,1,0,1,1,0,0,1,0,0,0,0,1,1
372,1,0,0,0,0,1,0,0,0,1,1,1,1,1,0,1,1,1,1,0,1,1,0,0,1,0,0,0,0,1,1
373,1,0,0,0,0,1,0,0,0,1,1,1,1,1,0,1,1,1,1,0,1,1,0,0,1,0,0,0,0,1,1
374,1,0,0,0,0,1,0,0,0,1,1,1,1,1,0,1,1,1,1,0,1,1,0,0,1,0,0,0,0,1,1
375,1,0,0,0,0,1,0,0,0,1,1,1,1,1,0,1,1,1,1,0,1,1,0,0,1,0,0,0,0,1,1
376,1,0,0,0,0,1,0,0,0,1,1,1,1,1,0,1,1,1,1,0,1,1,0,0,1,0,0,0,0,1,1
377,1,0,0,0,0,1,0,0,0,1,1,1,1,1,0,1,1,1,1,0,1,1,0,0,1,0,0,0,0,1,1
378,1,0,0,0,0,1,0,0,0,1,1,1,1,1,0,1,1,1,1,0,1,1,0,0,1,0,0,0,0,1,1
379,1,0,0,0,0,1,0,0,0,1,1,1,1,1,0,1,1,1,1,0,1,1,0,0,1,0,0,0,0,1,1
380,1,0,0,0,0,1,0,0,0,1,1,1,1,1,0,1,1,1,1,0,1,1,0,0,1,0,0,0,0,1,1
381,1,0,0,0,0,1,0,0,0,1,1,1,1,1,0,1,1,1,1,0,1,1,0,0,1,0,0,0,0,1,1
382,1,0,0,0,0,1,0,0,0,1,1,1,1,1,0,1,1,1,1,0,1,1,0,0,1,0,0,0,0,1,1
383,1,0,0,0,0,1,0,0,0,1,1,1,1,1,0,1,1,1,1,0,1,1,0,0,1,0,0,0,0,1,1
384,1,0,0,0,0,1,0,0,0,1,1,1,1,1,0,1,1,1,1,0,1,1,0,0,1,0,0,0,0,1,1
385,1,0,0,0,0,1,0,0,0,1,1,1,1,1,0,1,1,1,1,0,1,1,0,0,1,0,0,0,0,1,1
386,1,0,0,0,0,1,0,0,0,1,1,1,1,1,0,1,1,1,1,0,1,1,0,0,1,0,0,0,0,1,1
387,1,0,0,0,0,1,0,0,0,1,1,1,1,1,0,1,1,1,1,0,1,1,0,0,1,0,0,0,0,1,1
388,1,0,0,0,0,1,0,0,0,1,1,1,1,1,0,1,1,1,1,0,1,1,0,0,1,0,0,0,0,1,1
389,1,0,0,0,0,1,0,0,0,1,1,1,1,1,0,1,1,1,1,0,1,1,0,0,1,0,0,0,0,1,1
390,1,0,0,0,0,1,0,0,0,1,1,1,1,1,0,1,1,1,1,0,1,1,0,0,1,0,0,0,0,1,1
391,1,0,0,0,0,1,0,0,0,1,1,1,1,1,0,1,1,1,1,0,1,1,0,0,1,0,0,0,0,1,1
392,1,0,0,0,0,1,0,0,0,1,1,1,1,1,0,1,1,1,1,0,1,1,0,0,1,0,0,0,0,1,1
393,1,0,0,0,0,1,0,0,0,1,1,1,1,1,0,1,1,1,1,0,1,1,0,0,1,0,0,0,0,1,1
394,1,0,0,0,0,1,0,0,0,1,1,1,1,1,0,1,1,1,1,0,1,1,0,0,1,0,0,0,0,1,1
395,1,0,0,0,0,1,0,0,0,1,1,1,1,1,0,1,1,1,1,0,1,1,0,0,1,0,0,0,0,1,1
396,1,0,0,0,0,1,0,0,0,1,1,1,1,1,0,1,1,1,1,0,1,1,0,0,1,0,0,0,0,1,1
397,1,0,0,0,0,1,0,0,0,1,1,1,1,1,0,1,1,1,1,0,1,1,0,0,1,0,0,0,0,1,1
398,1,0,0,0,0,1,0,0,0,1,1,1,1,1,0,1,1,1,1,0,1,1,0,0,1,0,0,0,0,1,1
399,1,0,0,0,0,1,0,0,0,1,1,1,1,1,0,1,1,1,1,0,1,1,0,0,1,0,0,0,0,1,1
400,1,0,0,0,0,1,0,0,0,1,1,1,1,1,0,1,1,1,1,0,1,1,0,0,1,0,0,0,0,1,1
401,1,0,0,0,0,1,0,0,0,1,1,1,1,1,0,1,1,1,1,0,1,1,0,0,1,0,0,0,0,1,1
402,1,0,0,0,0,1,0,0,0,1,1,1,1,1,0,1,1,1,1,0,1,1,0,0,1,0,0,0,0,1,1
403,1,0,0,0,0,1,0,0,0,1,1,1,1,1,0,1,1,1,1,0,1,1,0,0,1,0,0,0,0,1,1
404,1,0,0,0,0,1,0,0,0,1,1,1,1,1,0,1,1,1,1,0,1,1,0,0,1,0,0,0,0,1,1
405,1,0,0,0,0,1,0,0,0,1,1,1,1,1,0,1,1,1,1,0,1,1,0,0,1,0,0,0,0,1,1
406,1,0,0,0,0,1,0,0,0,1,1,1,1,1,0,1,1,1,1,0,1,1,0,0,1,0,0,0,0,1,1
407,1,0,0,0,0,1,0,0,0,1,1,1,1,1,0,1,1,1,1,0,1,1,0,0,1,0,0,0,0,1,1
408,1,0,0,0,0,1,0,0,0,1,1,1,1,1,0,1,1,1,1,0,1,1,0,0,1,0,0,0,0,1,1
409,1,0,0,0,0,1,0,0,0,1,1,1,1,1,0,1,1,1,1,0,1,1,0,0,1,0,0,0,0,1,1
410,1,0,0,0,0,1,0,0,0,1,1,1,1,1,0,1,1,1,1,0,1,1,0,0,1,0,0,0,0,1,1
411,1,1,1,0,1,0,0,0,0,1,0,1,0,1,1,1,1,1,1,0,1,1,1,0,1,0,0,0,0,0,0
412,0,1,1,1,1,0,1,1,1,0,0,0,0,0,1,0,0,0,0,1,0,0,1,1,0,1,1,1,1,0,0
413,1,0,0,0,0,1,0,0,0,1,1,1,1,1,0,1,1,1,1,0,1,1,0,0,1,0,0,0,0,1,1
414,1,0,0,0,0,1,0,0,0,1,1,1,1,1,0,1,1,1,1,0,1,1,0,0,1,0,0,0,0,1,1
415,1,0,0,0,0,1,0,0,0,1,1,1,1,1,0,1,1,1,1,0,1,1,0,0,1,0,0,0,0,1,1
416,1,0,0,0,0,1,0,0,0,1,1,1,1,1,0,1,1,1,1,0,1,1,0,0,1,0,0,0,0,1,1
417,1,0,0,0,0,1,0,0,0,1,1,1,1,1,0,1,1,1,1,0,1,1,0,0,1,0,0,0,0,1,1
418,1,0,0,0,0,1,0,0,0,1,1,1,1,1,0,1,1,1,1,0,1,1,0,0,1,0,0,0,0,1,1
419,0,1,1,1,1,0,1,1,1,0,0,0,0,0,1,0,0,0,0,1,0,0,1,1,0,1,1,1,1,0,0
420,1,0,0,0,0,1,0,0,0,1,1,1,1,1,0,1,1,1,1,0,1,1,0,0,1,0,0,0,0,1,1
421,1,0,0,0,0,1,0,0,0,1,1,1,1,1,0,1,1,1,1,0,1,1,0,0,1,0,0,0,0,1,1
422,1,0,0,0,0,1,0,0,0,1,1,1,1,1,0,1,1,1,1,0,1,1,0,0,1,0,0,0,0,1,1
423,1,0,0,0,0,1,0,0,0,1,1,1,1,1,0,1,1,1,1,0,1,1,0,0,1,0,0,0,0,1,1
424,1,0,0,0,0,1,0,0,0,1,1,1,1,1,0,1,1,1,1,0,1,1,0,0,1,0,0,0,0,1,1
425,1,0,0,0,0,1,0,0,0,1,1,1,1,1,0,1,1,1,1,0,1,1,0,0,1,0,0,0,0,1,1
426,1,0,0,0,0,1,0,0,0,1,1,1,1,1,0,1,1,1,1,0,1,1,0,0,1,0,0,0,0,1,1
427,1,0,0,0,0,1,0,0,0,1,1,1,1,1,0,1,1,1,1,0,1,1,0,0,1,0,0,0,0,1,1
428,1,0,0,0,0,1,0,0,0,1,1,1,1,1,0,1,1,1,1,0,1,1,0,0,1,0,0,0,0,1,1
429,1,0,0,0,0,1,0,0,0,1,1,1,1,1,0,1,1,1,1,0,1,1,0,0,1,0,0,0,0,1,1
430,1,0,0,0,0,1,0,0,0,1,1,1,1,1,0,1,1,1,1,0,1,1,0,0,1,0,0,0,0,1,1
431,1,0,0,0,0,1,0,0,0,1,1,1,1,1,0,1,1,1,1,0,1,1,0,0,1,0,0,0,0,1,1
432,1,0,0,0,0,1,0,0,0,1,1,1,1,1,0,1,1,1,1,0,1,1,0,0,1,0,0,0,0,1,1
433,1,0,0,0,0,1,0,0,0,1,1,1,1,1,0,1,1,1,1,0,1,1,0,0,1,0,0,0,0,1,1
434,1,0,0,0,0,1,0,0,0,1,1,1,1,1,0,1,1,1,1,0,1,1,0,0,1,0,0,0,0,1,1
435,1,0,0,0,0,1,0,0,0,1,1,1,1,1,0,1,1,1,1,0,1,1,0,0,1,0,0,0,0,1,1
436,1,0,0,0,0,1,0,0,0,1,1,1,1,1,0,1,1,1,1,0,1,1,0,0,1,0,0,0,0,1,1
437,1,0,0,0,0,1,0,0,0,1,1,1,1,1,0,1,1,1,1,0,1,1,0,0,1,0,0,0,0,1,1
438,0,1,1,1,1,0,1,1,1,0,0,0,0,0,1,0,0,0,0,1,0,0,1,1,0,1,1,1,1,0,0
439,0,1,1,1,1,0,1,1,1,0,0,0,0,0,1,0,0,0,0,1,0,0,1,1,0,1,1,1,1,0,0
440,0,1,1,1,1,0,1,1,1,0,0,0,0,0,1,0,0,0,0,1,0,0,1,1,0,1,1,1,1,0,0
441,0,1,1,1,1,0,1,1,1,0,0,0,0,0,1,0,0,0,0,1,0,0,1,1,0,1,1,1,1,0,0
442,0,1,1,1,1,0,1,1,1,0,0,0,0,0,1,0,0,0,0,1,0,0,1,1,0,1,1,1,1,0,0
443,0,1,1,1,1,0,1,1,1,0,0,0,0,0,1,0,0,0,0,1,0,0,1,1,0,1,1,1,1,0,0
444,0,1,1,1,1,0,1,1,1,0,0,0,0,0,1,0,0,0,0,1,0,0,1,1,0,1,1,1,1,0,0
445,0,1,1,1,1,0,1,1,1,0,0,0,0,0,1,0,0,0,0,1,0,0,1,1,0,1,1,1,1,0,0
446,0,1,1,1,1,0,1,1,1,0,0,0,0,0,1,0,0,0,0,1,0,0,1,1,0,1,1,1,1,0,0
447,0,1,1,1,1,0,1,1,1,0,0,0,0,0,1,0,0,0,0,1,0,0,1,1,0,1,1,1,1,0,0
448,0,1,1,1,1,0,1,1,1,0,0,0,0,0,1,0,0,0,0,1,0,0,1,1,0,1,1,1,1,0,0
449,0,1,1,1,1,0,1,1,1,0,0,0,0,0,1,0,0,0,0,1,0,0,1,1,0,1,1,1,1,0,0
450,0,1,1,1,1,0,1,1,1,0,0,0,0,0,1,0,0,0,0,1,0,0,1,1,0,1,1,1,1,0,0
451,0,1,1,1,1,0,1,1,1,0,0,0,0,0,1,0,0,0,0,1,0,0,1,1,0,1,1,1,1,0,0
452,0,1,1,1,1,0,1,1,1,0,0,0,0,0,1,0,0,0,0,1,0,0,1,1,0,1,1,1,1,0,0
453,0,1,1,1,1,0,1,1,1,0,0,0,0,0,1,0,0,0,0,1,0,0,1,1,0,1,1,1,1,0,0
454,0,1,1,1,1,0,1,1,1,0,0,0,0,0,1,0,0,0,0,1,0,0,1,1,0,1,1,1,1,0,0
455,0,1,1,1,1,0,1,1,1,0,0,0,0,0,1,0,0,0,0,1,0,0,1,1,0,1,1,1,1,0,0
456,0,1,1,1,1,0,1,1,1,0,0,0,0,0,1,0,0,0,0,1,0,0,1,1,0,1,1,1,1,0,0
457,0,1,1,1,1,0,1,1,1,0,0,0,0,0,1,0,0,0,0,1,0,0,1,1,0,1,1,1,1,0,0
458,0,1,1,1,1,0,1,1,1,0,0,0,0,0,1,0,0,0,0,1,0,0,1,1,0,1,1,1,1,0,0
459,0,1,1,1,1,0,1,1,1,0,0,0,0,0,1,0,0,0,0,1,0,0,1,1,0,1,1,1,1,0,0
460,0,1,1,1,1,0,1,1,1,0,0,0,0,0,1,0,0,0,0,1,0,0,1,1,0,1,1,1,1,0,0
461,0,1,1,1,1,0,1,1,1,0,0,0,0,0,1,0,0,0,0,1,0,0,1,1,0,1,1,1,1,0,0
462,1,0,0,0,0,1,0,0,0,1,1,1,1,1,0,1,1,1,1,0,1,1,0,0,1,0,0,0,0,1,1
463,1,0,0,0,0,1,0,0,0,1,1,1,1,1,0,1,1,1,1,0,1,1,0,0,1,0,0,0,0,1,1
464,1,0,0,0,0,1,0,0,0,1,1,1,1,1,0,1,1,1,1,0,1,1,0,0,1,0,0,0,0,1,1
465,1,0,0,0,0,1,0,0,0,1,1,1,1,1,0,1,1,1,1,0,1,1,0,0,1,0,0,0,0,1,1
466,1,0,0,0,0,1,0,0,0,1,1,1,1,1,0,1,1,1,1,0,1,1,0,0,1,0,0,0,0,1,1
467,1,0,0,0,0,1,0,0,0,1,1,1,1,1,0,1,1,1,1,0,1,1,0,0,1,0,0,0,0,1,1
468,1,0,0,0,0,1,0,0,0,1,1,1,1,1,0,1,1,1,1,0,1,1,0,0,1,0,0,0,0,1,1
469,1,0,0,0,0,1,0,0,0,1,1,1,1,1,0,1,1,1,1,0,1,1,0,0,1,0,0,0,0,1,1
470,1,0,0,0,0,1,0,0,0,1,1,1,1,1,0,1,1,1,1,0,1,1,0,0,1,0,0,0,0,1,1
471,1,0,0,0,0,1,0,0,0,1,1,1,1,1,0,1,1,1,1,0,1,1,0,0,1,0,0,0,0,1,1
472,1,0,0,0,0,1,0,0,0,1,1,1,1,1,0,1,1,1,1,0,1,1,0,0,1,0,0,0,0,1,1
473,1,0,0,0,0,1,0,0,0,1,1,1,1,1,0,1,1,1,1,0,1,1,0,0,1,0,0,0,0,1,1
474,1,0,0,0,0,1,0,0,0,1,1,1,1,1,0,1,1,1,1,0,1,1,0,0,1,0,0,0,0,1,1
475,1,0,0,0,0,1,0,0,0,1,1,1,1,1,0,1,1,1,1,0,1,1,0,0,1,0,0,0,0,1,1
476,1,0,0,0,0,1,0,0,0,1,1,1,1,1,0,1,1,1,1,0,1,1,0,0,1,0,0,0,0,1,1
477,0,1,1,1,1,0,1,1,1,0,0,0,0,0,1,0,0,0,0,1,0,0,1,1,0,1,1,1,1,0,0
478,0,1,1,1,1,0,1,1,1,0,0,0,0,0,1,0,0,0,0,1,0,0,1,1,0,1,1,1,1,0,0
479,0,1,1,1,1,0,1,1,1,0,0,0,0,0,1,0,0,0,0,1,0,0,1,1,0,1,1,1,1,0,0
480,0,1,1,1,1,0,1,1,1,0,0,0,0,0,1,0,0,0,0,1,0,0,1,1,0,1,1,1,1,0,0
481,0,1,1,1,1,0,1,1,1,0,0,0,0,0,1,0,0,0,0,1,0,0,1,1,0,1,1,1,1,0,0
482,0,1,1,1,1,0,1,1,1,0,0,0,0,0,1,0,0,0,0,1,0,0,1,1,0,1,1,1,1,0,0
483,0,1,1,1,1,0,1,1,1,0,0,0,0,0,1,0,0,0,0,1,0,0,1,1,0,1,1,1,1,0,0
484,0,1,1,1,1,0,1,1,1,0,0,0,0,0,1,0,0,0,0,1,0,0,1,1,0,1,1,1,1,0,0
485,0,1,1,1,1,0,1,1,1,0,0,0,0,0,1,0,0,0,0,1,0,0,1,1,0,1,1,1,1,0,0
486,0,1,1,1,1,0,1,1,1,0,0,0,0,0,1,0,0,0,0,1,0,0,1,1,0,1,1,1,1,0,0
487,0,1,1,1,1,0,1,1,1,0,0,0,0,0,1,0,0,0,0,1,0,0,1,1,0,1,1,1,1,0,0
488,0,1,1,1,1,0,1,1,1,0,0,0,0,0,1,0,0,0,0,1,0,0,1,1,0,1,1,1,1,0,0
489,0,1,1,1,1,0,1,1,1,0,0,0,0,0,1,0,0,0,0,1,0,0,1,1,0,1,1,1,1,0,0
490,0,1,1,1,1,0,1,1,1,0,0,0,0,0,1,0,0,0,0,1,0,0,1,1,0,1,1,1,1,0,0
491,0,1,1,1,1,0,1,1,1,0,0,0,0,0,1,0,0,0,0,1,0,0,1,1,0,1,1,1,1,0,0
492,0,1,1,1,1,0,1,1,1,0,0,0,0,0,1,0,0,0,0,1,0,0,1,1,0,1,1,1,1,0,0
493,0,1,1,1,1,0,1,1,1,0,0,0,0,0,1,0,0,0,0,1,0,0,1,1,0,1,1,1,1,0,0
494,0,1,1,1,1,0,1,1,1,0,0,0,0,0,1,0,0,0,0,1,0,0,1,1,0,1,1,1,1,0,0
495,0,1,1,1,1,0,1,1,1,0,0,0,0,0,1,0,0,0,0,1,0,0,1,1,0,1,1,1,1,0,0
496,0,1,1,1,1,0,1,1,1,0,0,0,0,0,1,0,0,0,0,1,0,0,1,1,0,1,1,1,1,0,0
497,0,1,1,1,1,0,1,1,1,0,0,0,0,0,1,0,0,0,0,1,0,0,1,1,0,1,1,1,1,0,0
498,0,1,1,1,1,0,1,1,1,0,0,0,0,0,1,0,0,0,0,1,0,0,1,1,0,1,1,1,1,0,0
499,0,1,1,1,1,0,1,1,1,0,0,0,0,0,1,0,0,0,0,1,0,0,1,1,0,1,1,1,1,0,0
500,0,1,1,1,1,0,1,1,1,0,0,0,0,0,1,0,0,0,0,1,0,0,1,1,0,1,1,1,1,0,0
501,1,0,0,0,0,1,0,0,0,1,1,1,1,1,0,1,1,1,1,0,1,1,0,0,1,0,0,0,0,1,1
502,1,0,0,0,0,1,0,0,0,1,1,1,1,1,0,1,1,1,1,0,1,1,0,0,1,0,0,0,0,1,1
503,1,0,0,0,0,1,0,0,0,1,1,1,1,1,0,1,1,1,1,0,1,1,0,0,1,0,0,0,0,1,1
504,1,0,0,0,0,1,0,0,0,1,1,1,1,1,0,1,1,1,1,0,1,1,0,0,1,0,0,0,0,1,1
505,1,0,0,0,0,1,0,0,0,1,1,1,1,1,0,1,1,1,1,0,1,1,0,0,1,0,0,0,0,1,1
506,1,0,0,0,0,1,0,0,0,1,1,1,1,1,0,1,1,1,1,0,1,1,0,0,1,0,0,0,0,1,1
507,1,0,0,0,0,1,0,0,0,1,1,1,1,1,0,1,1,1,1,0,1,1,0,0,1,0,0,0,0,1,1
508,1,0,0,0,0,1,0,0,0,1,1,1,1,1,0,1,1,1,1,0,1,1,0,0,1,0,0,0,0,1,1
509,1,0,0,0,0,1,0,0,0,1,1,1,1,1,0,1,1,1,1,0,1,1,0,0,1,0,0,0,0,1,1
510,1,0,0,0,0,1,0,0,0,1,1,1,1,1,0,1,1,1,1,0,1,1,0,0,1,0,0,0,0,1,1
511,1,0,0,0,0,1,0,0,0,1,1,1,1,1,0,1,1,1,1,0,1,1,0,0,1,0,0,0,0,1,1
512,1,0,0,0,0,1,0,0,0,1,1,1,1,1,0,1,1,1,1,0,1,1,0,0,1,0,0,0,0,1,1
513,1,0,0,0,0,1,0,0,0,1,1,1,1,1,0,1,1,1,1,0,1,1,0,0,1,0,0,0,0,1,1
514,1,0,0,0,0,1,0,0,0,1,1,1,1,1,0,1,1,1,1,0,1,1,0,0,1,0,0,0,0,1,1
515,1,0,0,0,0,1,0,0,0,1,1,1,1,1,0,1,1,1,1,0,1,1,0,0,1,0,0,0,0,1,1
516,1,0,0,0,0,1,0,0,0,1,1,1,1,1,0,1,1,1,1,0,1,1,0,0,1,0,0,0,0,1,1
517,1,0,0,0,0,1,0,0,0,1,1,1,1,1,0,1,1,1,1,0,1,1,0,0,1,0,0,0,0,1,1
518,1,0,0,0,0,1,0,0,0,1,1,1,1,1,0,1,1,1,1,0,1,1,0,0,1,0,0,0,0,1,1
519,1,0,0,0,0,1,0,0,0,1,1,1,1,1,0,1,1,1,1,0,1,1,0,0,1,0,0,0,0,1,1
520,1,0,0,0,0,1,0,0,0,1,1,1,1,1,0,1,1,1,1,0,1,1,0,0,1,0,0,0,0,1,1
521,1,0,0,0,0,1,0,0,0,1,1,1,1,1,0,1,1,1,1,0,1,1,0,0,1,0,0,0,0,1,1
522,1,0,0,0,0,1,0,0,0,1,1,1,1,1,0,1,1,1,1,0,1,1,0,0,1,0,0,0,0,1,1
523,1,0,0,0,0,1,0,0,0,1,1,1,1,1,0,1,1,1,1,0,1,1,0,0,1,0,0,0,0,1,1
524,1,0,0,0,0,1,0,0,0,1,1,1,1,1,0,1,1,1,1,0,1,1,0,0,1,0,0,0,0,1,1
525,1,0,0,0,0,1,0,0,0,1,1,1,1,1,0,1,1,1,1,0,1,1,0,0,1,0,0,0,0,1,1
526,1,0,0,0,0,1,0,0,0,1,1,1,1,1,0,1,1,1,1,0,1,1,0,0,1,0,0,0,0,1,1
527,1,0,0,0,0,1,0,0,0,1,1,1,1,1,0,1,1,1,1,0,1,1,0,0,1,0,0,0,0,1,1
528,1,0,0,0,0,1,0,0,0,1,1,1,1,1,0,1,1,1,1,0,1,1,0,0,1,0,0,0,0,1,1
529,1,0,0,0,0,1,0,0,0,1,1,1,1,1,0,1,1,1,1,0,1,1,0,0,1,0,0,0,0,1,1
530,1,0,0,0,0,1,0,0,0,1,1,1,1,1,0,1,1,1,1,0,1,1,0,0,1,0,0,0,0,1,1
531,1,0,0,0,0,1,0,0,0,1,1,1,1,1,0,1,1,1,1,0,1,1,0,0,1,0,0,0,0,1,1
532,1,0,0,0,0,1,0,0,0,1,1,1,1,1,0,1,1,1,1,0,1,1,0,0,1,0,0,0,0,1,1
533,1,0,0,0,0,1,0,0,0,1,1,1,1,1,0,1,1,1,1,0,1,1,0,0,1,0,0,0,0,1,1
534,1,0,0,0,0,1,0,0,0,1,1,1,1,1,0,1,1,1,1,0,1,1,0,0,1,0,0,0,0,1,1
535,1,0,0,0,0,1,0,0,0,1,1,1,1,1,0,1,1,1,1,0,1,1,0,0,1,0,0,0,0,1,1
536,1,0,0,0,0,1,0,0,0,1,1,1,1,1,0,1,1,1,1,0,1,1,0,0,1,0,0,0,0,1,1
537,0,1,1,1,1,0,1,1,1,0,0,0,0,0,1,0,0,0,0,1,0,0,1,1,0,1,1,1,1,0,0
538,0,1,1,1,1,0,1,1,1,0,0,0,0,0,1,0,0,0,0,1,0,0,1,1,0,1,1,1,1,0,0
539,0,1,1,1,1,0,1,1,1,0,0,0,0,0,1,0,0,0,0,1,0,0,1,1,0,1,1,1,1,0,0
540,0,1,1,1,1,0,1,1,1,0,0,0,0,0,1,0,0,0,0,1,0,0,1,1,0,1,1,1,1,0,0
541,0,1,1,1,1,0,1,1,1,0,0,0,0,0,1,0,0,0,0,1,0,0,1,1,0,1,1,1,1,0,0
542,1,0,0,0,0,1,0,0,0,1,1,1,1,1,0,1,1,1,1,0,1,1,0,0,1,0,0,0,0,1,1
543,1,0,0,0,0,1,0,0,0,1,1,1,1,1,0,1,1,1,1,0,1,1,0,0,1,0,0,0,0,1,1
544,1,0,0,0,0,1,0,0,0,1,1,1,1,1,0,1,1,1,1,0,1,1,0,0,1,0,0,0,0,1,1
545,1,0,0,0,0,1,0,0,0,1,1,1,1,1,0,1,1,1,1,0,1,1,0,0,1,0,0,0,0,1,1
546,1,0,0,0,0,1,0,0,0,1,1,1,1,1,0,1,1,1,1,0,1,1,0,0,1,0,0,0,0,1,1
547,1,0,0,0,0,1,0,0,0,1,1,1,1,1,0,1,1,1,1,0,1,1,0,0,1,0,0,0,0,1,1
548,0,1,1,1,1,0,1,1,1,0,0,0,0,0,1,0,0,0,0,1,0,0,1,1,0,1,1,1,1,0,0
549,1,0,0,0,0,1,0,0,0,1,1,1,1,1,0,1,1,1,1,0,1,1,0,0,1,0,0,0,0,1,1
550,0,1,1,1,1,0,1,1,1,0,0,0,0,0,1,0,0,1,0,1,0,0,1,1,0,1,1,1,1,0,0
551,1,0,0,0,0,1,0,0,0,1,1,1,1,1,0,1,1,1,1,0,1,1,0,0,1,0,0,0,0,1,1
552,0,1,1,1,1,0,1,1,1,0,0,0,0,0,1,0,0,0,0,1,0,0,1,1,0,1,1,1,1,0,0
553,1,0,0,0,0,1,0,0,0,1,1,1,1,1,0,1,1,1,1,0,1,1,0,0,1,0,0,0,0,1,1
554,0,1,1,1,1,0,1,1,1,0,0,0,0,0,1,0,0,0,0,1,0,0,1,1,0,1,1,1,1,0,0
555,0,1,1,1,1,0,1,1,1,0,0,0,0,0,1,0,0,0,0,1,0,0,1,1,0,1,1,1,1,0,0
556,1,0,0,0,0,1,0,0,0,1,1,1,1,1,0,1,1,1,1,0,1,1,0,0,1,0,0,0,0,1,1
557,0,1,1,1,1,0,1,1,1,0,0,0,0,0,1,0,0,0,0,1,0,0,1,1,0,1,1,1,1,0,0
558,0,1,1,1,1,0,1,1,1,0,0,0,0,0,1,0,0,0,0,1,0,0,1,1,0,1,1,1,1,0,0
559,0,1,1,1,1,0,1,1,1,0,0,0,0,0,1,0,0,0,0,1,0,0,1,1,0,1,1,1,1,0,0
560,0,1,1,1,1,0,1,1,1,0,0,0,0,0,1,0,0,0,0,1,0,0,1,1,0,1,1,1,1,0,0
561,0,1,1,1,1,0,1,1,1,0,0,0,0,0,1,0,0,0,0,1,0,0,1,1,0,1,1,1,1,0,0
562,1,0,0,0,0,1,0,0,0,1,1,1,1,1,0,1,1,1,1,0,1,1,0,0,1,0,0,0,0,1,1
563,1,0,0,0,0,1,0,0,0,1,1,1,1,1,0,1,1,1,1,0,1,1,0,0,1,0,0,0,0,1,1
564,1,0,0,0,0,1,0,0,0,1,1,1,1,1,0,1,1,1,1,0,1,1,0,0,1,0,0,0,0,1,1
565,1,0,0,0,0,1,0,0,0,1,1,1,1,1,0,1,1,1,1,0,1,1,0,0,1,0,0,0,0,1,1
566,1,0,0,0,0,1,0,0,0,1,1,1,1,1,0,1,1,1,1,0,1,1,0,0,1,0,0,0,0,1,1
567,1,0,0,0,0,1,0,0,0,1,1,1,1,1,0,1,1,1,1,0,1,1,0,0,1,0,0,0,0,1,1
568,0,1,1,1,1,0,1,1,1,0,0,0,0,0,1,0,0,0,0,1,0,0,1,1,0,1,1,1,1,0,0
569,0,1,1,1,1,0,1,1,1,0,0,0,0,0,1,0,0,0,0,1,0,0,1,1,0,1,1,1,1,0,0
570,0,1,1,1,1,0,1,1,1,0,0,0,0,0,1,0,0,0,0,1,0,0,1,1,0,1,1,1,1,0,0
571,0,1,1,1,1,0,1,1,1,0,0,0,0,0,1,0,0,0,0,1,0,0,1,1,0,1,1,1,1,0,0
572,1,0,0,0,0,1,0,0,0,1,1,1,1,1,0,1,1,1,1,0,1,1,0,0,1,0,0,0,0,1,1
573,1,0,0,0,0,1,0,0,0,1,1,1,1,1,0,1,1,1,1,0,1,1,0,0,1,0,0,0,0,1,1
574,1,0,0,0,0,1,0,0,0,1,1,1,1,1,0,1,1,1,1,0,1,1,0,0,1,0,0,0,0,1,1
575,1,0,0,0,0,1,0,0,0,1,1,1,1,1,0,1,1,1,1,0,1,1,0,0,1,0,0,0,0,1,1
576,1,0,0,0,0,1,0,0,0,1,1,1,1,1,0,1,1,1,1,0,1,1,0,0,1,0,0,0,0,1,1
577,1,0,0,0,0,1,0,0,0,1,1,1,1,1,0,1,1,1,1,0,1,1,0,0,1,0,0,0,0,1,1
578,1,0,0,0,0,1,0,0,0,1,1,1,1,1,0,1,1,1,1,0,1,1,0,0,1,0,0,0,0,1,1
579,1,0,0,0,0,1,0,0,0,1,1,1,1,1,0,1,1,1,1,0,1,1,0,0,1,0,0,0,0,1,1
580,1,0,0,0,0,1,0,0,0,1,1,1,1,1,0,1,1,1,1,0,1,1,0,0,1,0,0,0,0,1,1
581,1,0,0,0,0,1,0,0,0,1,1,1,1,1,0,1,1,1,1,0,1,1,0,0,1,0,0,0,0,1,1
582,1,0,0,0,0,1,0,0,0,1,1,1,1,1,0,1,1,1,1,0,1,1,0,0,1,0,0,0,0,1,1
583,1,0,0,0,0,1,0,0,0,1,1,1,1,1,0,1,1,1,1,0,1,1,0,0,1,0,0,0,0,1,1
584,1,0,0,0,0,1,0,0,0,1,1,1,1,1,0,1,1,1,1,0,1,1,0,0,1,0,0,0,0,1,1
585,1,0,0,0,0,1,0,0,0,1,1,1,1,1,0,1,1,1,1,0,1,1,0,0,1,0,0,0,0,1,1
586,1,0,0,0,0,1,0,0,0,1,1,1,1,1,0,1,1,1,1,0,1,1,0,0,1,0,0,0,0,1,1
587,1,0,0,0,0,1,0,0,0,1,1,1,1,1,0,1,1,1,1,0,1,1,0,0,1,0,0,0,0,1,1
588,1,0,0,0,0,1,0,0,0,1,1,1,1,1,0,1,1,1,1,0,1,1,0,0,1,0,0,0,0,1,1
589,1,0,0,0,0,1,0,0,0,1,1,1,1,1,0,1,1,1,1,0,1,1,0,0,1,0,0,0,0,1,1
590,1,0,0,0,0,1,0,0,0,1,1,1,1,1,0,1,1,1,1,0,1,1,0,0,1,0,0,0,0,1,1
591,1,0,0,0,0,1,0,0,0,1,1,1,1,1,0,1,1,1,1,0,1,1,0,0,1,0,0,0,0,1,1
592,1,0,0,0,0,1,0,0,0,1,1,1,1,1,0,1,1,1,1,0,1,1,0,0,1,0,0,0,0,1,1
593,1,0,0,0,0,1,0,0,0,1,1,1,1,1,0,1,1,1,1,0,1,1,0,0,1,0,0,0,0,1,1
594,1,0,0,0,0,1,0,0,0,1,1,1,1,1,0,1,1,1,1,0,1,1,0,0,1,0,0,0,0,1,1
595,1,0,0,0,0,1,0,0,0,1,1,1,1,1,0,1,1,1,1,0,1,1,0,0,1,0,0,0,0,1,1
596,1,0,0,0,0,1,0,0,0,1,1,1,1,1,0,1,1,1,1,0,1,1,0,0,1,0,0,0,0,1,1
597,1,0,0,0,0,1,0,0,0,1,1,1,1,1,0,1,1,1,1,0,1,1,0,0,1,0,0,0,0,1,1
598,1,0,0,0,0,1,0,0,0,1,1,1,1,1,0,1,1,1,1,0,1,1,0,0,1,0,0,0,0,1,1
599,1,0,0,0,0,1,0,0,0,1,1,1,1,1,0,1,1,1,1,0,1,1,0,0,1,0,0,0,0,1,1
600,1,0,0,0,0,1,0,0,0,1,1,1,1,1,0,1,1,1,1,0,1,1,0,0,1,0,0,0,0,1,1
601,1,0,0,0,0,1,0,0,0,1,1,1,1,1,0,1,1,1,1,0,1,1,0,0,1,0,0,0,0,1,1
602,1,0,0,0,0,1,0,0,0,1,1,1,1,1,0,1,1,1,1,0,1,1,0,0,1,0,0,0,0,1,1
603,1,0,0,0,0,1,0,0,0,1,1,1,1,1,0,1,1,1,1,0,1,1,0,0,1,0,0,0,0,1,1
604,1,0,0,0,0,1,0,0,0,1,1,1,1,1,0,1,1,1,1,0,1,1,0,0,1,0,0,0,0,1,1
605,1,0,0,0,0,1,0,0,0,1,1,1,1,1,0,1,1,1,1,0,1,1,0,0,1,0,0,0,0,1,1
606,1,0,0,0,0,1,0,0,0,1,1,1,1,1,0,1,1,1,1,0,1,1,0,0,1,0,0,0,0,1,1
607,1,0,0,0,0,1,0,0,0,1,1,1,1,1,0,1,1,1,1,0,1,1,0,0,1,0,0,0,0,1,1
608,1,0,0,0,0,1,0,0,0,1,1,1,1,1,0,1,1,1,1,0,1,1,0,0,1,0,0,0,0,1,1
609,1,0,0,0,0,1,0,0,0,1,1,1,1,1,0,1,1,1,1,0,1,1,0,0,1,0,0,0,0,1,1
610,1,0,0,0,0,1,0,0,0,1,1,1,1,1,0,1,1,1,1,0,1,1,0,0,1,0,0,0,0,1,1
611,1,0,0,0,0,1,0,0,0,1,1,1,1,1,0,1,1,1,1,0,1,1,0,0,1,0,0,0,0,1,1
612,1,0,0,0,0,1,0,0,0,1,1,1,1,1,0,1,1,1,1,0,1,1,0,0,1,0,0,0,0,1,1
613,1,0,0,0,0,1,0,0,0,1,1,1,1,1,0,1,1,1,1,0,1,1,0,0,1,0,0,0,0,1,1
614,1,0,0,0,0,1,0,0,0,1,1,1,1,1,0,1,1,1,1,0,1,1,0,0,1,0,0,0,0,1,1
615,1,0,0,0,0,1,0,0,0,1,1,1,1,1,0,1,1,1,1,0,1,1,0,0,1,0,0,0,0,1,1
616,1,0,0,0,0,1,0,0,0,1,1,1,1,1,0,1,1,1,1,0,1,1,0,0,1,0,0,0,0,1,1
617,1,0,0,0,0,1,0,0,0,1,1,1,1,1,0,1,1,1,1,0,1,1,0,0,1,0,0,0,0,1,1
618,1,0,0,0,0,1,0,0,0,1,1,1,1,1,0,1,1,1,1,0,1,1,0,0,1,0,0,0,0,1,1
619,1,0,0,0,0,1,0,0,0,1,1,1,1,1,0,1,1,1,1,0,1,1,0,0,1,0,0,0,0,1,1
620,1,0,0,0,0,1,0,0,0,1,1,1,1,1,0,1,1,1,1,0,1,1,0,0,1,0,0,0,0,1,1
621,1,0,0,0,0,1,0,0,0,1,1,1,1,1,0,1,1,1,1,0,1,1,0,0,1,0,0,0,0,1,1
622,1,0,0,0,0,1,0,0,0,1,1,1,1,1,0,1,1,1,1,0,1,1,0,0,1,0,0,0,0,1,1
623,1,0,0,0,0,1,0,0,0,1,1,1,1,1,0,1,1,1,1,0,1,1,0,0,1,0,0,0,0,1,1
624,0,1,1,1,1,0,1,1,1,0,0,0,0,0,1,0,0,0,0,1,0,0,1,1,0,1,1,1,1,0,0
625,1,0,0,0,0,1,0,0,0,1,1,1,1,1,0,1,1,1,1,0,1,1,0,0,1,0,0,0,0,1,1
626,1,0,0,0,0,1,0,0,0,1,1,1,1,1,0,1,1,1,1,0,1,1,0,0,1,0,0,0,0,1,1
627,0,1,1,1,1,0,1,1,1,0,0,0,0,0,1,0,0,0,0,1,0,0,1,1,0,1,1,1,1,0,0
628,1,0,0,0,0,1,0,0,0,1,1,1,1,1,0,1,1,1,1,0,1,1,0,0,1,0,0,0,0,1,1
629,1,0,0,0,0,1,0,0,0,1,1,1,1,1,0,1,1,1,1,0,1,1,0,0,1,0,0,0,0,1,1
630,1,0,0,0,0,1,0,0,0,1,1,1,1,1,0,1,1,1,1,0,1,1,0,0,1,0,0,0,0,1,1
631,1,0,0,0,0,1,0,0,0,1,1,1,1,1,0,1,1,1,1,0,1,1,0,0,1,0,0,0,0,1,1
632,1,0,0,0,0,1,0,0,0,1,1,1,1,1,0,1,1,1,1,0,1,1,0,0,1,0,0,0,0,1,1
633,1,0,0,0,0,1,0,0,0,1,1,1,1,1,0,1,1,1,1,0,1,1,0,0,1,0,0,0,0,1,1
634,1,0,0,0,0,1,0,0,0,1,1,1,1,1,0,1,1,1,1,0,1,1,0,0,1,0,0,0,0,1,1
635,1,0,0,0,0,1,0,0,0,1,1,1,1,1,0,1,1,1,1,0,1,1,0,0,1,0,0,0,0,1,1
636,1,0,0,0,0,1,0,0,0,1,1,1,1,1,0,1,1,1,1,0,1,1,0,0,1,0,0,0,0,1,1
637,1,0,0,0,0,1,0,0,0,1,1,1,1,1,0,1,1,1,1,0,1,1,0,0,1,0,0,0,0,1,1
638,1,0,0,0,0,1,0,0,0,1,1,1,1,1,0,1,1,1,1,0,1,1,0,0,1,0,0,0,0,1,1
639,1,0,0,0,0,1,0,0,0,1,1,1,1,1,0,1,1,1,1,0,1,1,0,0,1,0,0,0,0,1,1
640,0,1,1,1,1,0,1,1,1,0,0,0,0,0,1,0,0,0,0,1,0,0,1,1,0,1,1,1,1,0,0
641,0,1,1,1,1,0,1,1,1,0,0,0,0,0,1,0,0,0,0,1,0,0,1,1,0,1,1,1,1,0,0
642,0,1,1,1,1,0,1,1,1,0,0,0,0,0,1,0,0,0,0,1,0,0,1,1,0,1,1,1,1,0,0
643,0,1,1,1,1,0,1,1,1,0,0,0,0,0,1,0,0,0,0,1,0,0,1,1,0,1,1,1,1,0,0
644,0,1,1,1,1,0,1,1,1,0,0,0,0,0,1,0,0,0,0,1,0,0,1,1,0,1,1,1,1,0,0
645,0,1,1,1,1,0,1,1,1,0,0,0,0,0,1,0,0,0,0,1,0,0,1,1,0,1,1,1,1,0,0
646,0,1,1,1,1,0,1,1,1,0,0,0,0,0,1,0,0,0,0,1,0,0,1,1,0,1,1,1,1,0,0
647,1,0,0,0,0,1,0,0,0,1,1,1,1,1,0,1,1,1,1,0,1,1,0,0,1,0,0,0,0,1,1
648,0,1,1,1,1,0,1,1,1,0,0,0,0,0,1,0,0,0,0,1,0,0,1,1,0,1,1,1,1,0,0
649,0,1,1,1,1,0,1,1,1,0,0,0,0,0,1,0,0,0,0,1,0,0,1,1,0,1,1,1,1,0,0
650,0,1,1,1,1,0,1,1,1,0,0,0,0,0,1,0,0,0,0,1,0,0,1,1,0,1,1,1,1,0,0
651,0,1,1,1,1,0,1,1,1,0,0,0,0,0,1,0,0,0,0,1,0,0,1,1,0,1,1,1,1,0,0
652,0,1,1,1,1,0,1,1,1,0,0,0,0,0,1,0,0,0,0,1,0,0,1,1,0,1,1,1,1,0,0
653,0,1,1,1,1,0,1,1,1,0,0,0,0,0,1,0,0,0,0,1,0,0,1,1,0,1,1,1,1,0,0
654,0,1,1,1,1,0,1,1,1,0,0,0,0,0,1,0,0,0,0,1,0,0,1,1,0,1,1,1,1,0,0
655,0,1,1,1,1,0,1,1,1,0,0,0,0,0,1,0,0,0,0,1,0,0,1,1,0,1,1,1,1,0,0
656,0,1,1,1,1,0,1,1,1,0,0,0,0,0,1,0,0,0,0,1,0,0,1,1,0,1,1,1,1,0,0
657,0,1,1,1,1,0,1,1,1,0,0,0,0,0,1,0,0,0,0,1,0,0,1,1,0,1,1,1,1,0,0
658,0,1,1,1,1,0,1,1,1,0,0,0,0,0,1,0,0,0,0,1,0,0,1,1,0,1,1,1,1,0,0
659,0,1,1,1,1,0,1,1,1,0,0,0,0,0,1,0,0,0,0,1,0,0,1,1,0,1,1,1,1,0,0
660,0,1,1,1,1,0,1,1,1,0,0,0,0,0,1,0,0,0,0,1,0,0,1,1,0,1,1,1,1,0,0
661,0,1,1,1,1,0,1,1,1,0,0,0,0,0,1,0,0,0,0,1,0,0,1,1,0,1,1,1,1,0,0
662,0,1,1,1,1,0,1,1,1,0,0,0,0,0,1,0,0,0,0,1,0,0,1,1,0,1,1,1,1,0,0
663,0,1,1,1,1,0,1,1,1,0,0,0,0,0,1,0,0,0,0,1,0,0,1,1,0,1,1,1,1,0,0
664,0,1,1,1,1,0,1,1,1,0,0,0,0,0,1,0,0,0,0,1,0,0,1,1,0,1,1,1,1,0,0
665,0,1,1,1,1,0,1,1,1,0,0,0,0,0,1,0,0,0,0,1,0,0,1,1,0,1,1,1,1,0,0
666,0,1,1,1,1,0,1,1,1,0,0,0,0,0,1,0,0,0,0,1,0,0,1,1,0,1,1,1,1,0,0
667,0,1,1,1,1,0,1,1,1,0,0,0,0,0,1,0,0,0,0,1,0,0,1,1,0,1,1,1,1,0,0
668,0,1,1,1,1,0,1,1,1,0,0,0,0,0,1,0,0,0,0,1,0,0,1,1,0,1,1,1,1,0,0
669,0,1,1,1,1,0,1,1,1,0,0,0,0,0,1,0,0,0,0,1,0,0,1,1,0,1,1,1,1,0,0
670,1,0,0,0,0,1,0,0,0,1,1,1,1,1,0,1,1,1,1,0,1,1,0,0,1,0,0,0,0,1,1
671,1,0,0,0,0,1,0,0,0,1,1,1,1,1,0,1,1,1,1,0,1,1,0,0,1,0,0,0,0,1,1
672,0,1,1,1,1,0,1,1,1,0,0,0,0,0,1,0,0,0,0,1,0,0,1,1,0,1,1,1,1,0,0
673,1,0,0,0,0,1,0,0,0,1,1,1,1,1,0,1,1,1,1,0,1,1,0,0,1,0,0,0,0,1,1
674,1,0,0,0,0,1,0,0,0,1,1,1,1,1,0,1,1,1,1,0,1,1,0,0,1,0,0,0,0,1,1
675,1,0,0,0,0,1,0,0,0,1,1,1,1,1,0,1,1,1,1,0,1,1,0,0,1,0,0,0,0,1,1
676,1,0,0,0,0,1,0,0,0,1,1,1,1,1,0,1,1,1,1,0,1,1,0,0,1,0,0,0,0,1,1
677,1,0,0,0,0,1,0,0,0,1,1,1,1,1,0,1,1,1,1,0,1,1,0,0,1,0,0,0,0,1,1
678,1,0,0,0,0,1,0,0,0,1,1,1,1,1,0,1,1,1,1,0,1,1,0,0,1,0,0,0,0,1,1
679,1,0,0,0,0,1,0,0,0,1,1,1,1,1,0,1,1,1,1,0,1,1,0,0,1,0,0,0,0,1,1
680,1,0,0,0,0,1,0,0,0,1,1,1,1,1,0,1,1,1,1,0,1,1,0,0,1,0,0,0,0,1,1
681,0,1,1,1,1,0,1,1,1,0,0,0,0,0,1,0,0,0,0,1,0,0,1,1,0,1,1,1,1,0,0
682,1,0,0,0,0,1,0,0,0,1,1,1,1,1,0,1,1,1,1,0,1,1,0,0,1,0,0,0,0,1,1
683,1,0,0,0,0,1,0,0,0,1,1,1,1,1,0,1,1,1,1,0,1,1,0,0,1,0,0,0,0,1,1
684,1,0,0,0,0,1,0,0,0,1,1,1,1,1,0,1,1,1,1,0,1,1,0,0,1,0,0,0,0,1,1
685,1,0,0,0,0,1,0,0,0,1,1,1,1,1,0,1,1,1,1,0,1,1,0,0,1,0,0,0,0,1,1
686,1,0,0,0,0,1,0,0,0,1,1,1,1,1,0,1,1,1,1,0,1,1,0,0,1,0,0,0,0,1,1
687,1,0,0,0,0,1,0,0,0,1,1,1,1,1,0,1,1,1,1,0,1,1,0,0,1,0,0,0,0,1,1
688,1,0,0,0,0,1,0,0,0,1,1,1,1,1,0,1,1,1,1,0,1,1,0,0,1,0,0,0,0,1,1
689,1,0,0,0,0,1,0,0,0,1,1,1,1,1,0,1,1,1,1,0,1,1,0,0,1,0,0,0,0,1,1
690,1,0,0,0,0,1,0,0,0,1,1,1,1,1,0,1,1,1,1,0,1,1,0,0,1,0,0,0,0,1,1
691,1,0,0,0,0,1,0,0,0,1,1,1,1,1,0,1,1,1,1,0,1,1,0,0,1,0,0,0,0,1,1
692,1,0,0,0,0,1,0,0,0,1,1,1,1,1,0,1,1,1,1,0,1,1,0,0,1,0,0,0,0,1,1
693,1,0,0,0,0,1,0,0,0,1,1,1,1,1,0,1,1,1,1,0,1,1,0,0,1,0,0,0,0,1,1
694,1,0,0,0,0,1,0,0,0,1,1,1,1,1,0,1,1,1,1,0,1,1,0,0,1,0,0,0,0,1,1
695,0,1,1,1,1,0,1,1,1,0,0,0,0,0,1,0,0,0,0,1,0,0,1,1,0,1,1,1,1,0,0
696,1,0,0,0,0,1,0,0,0,1,1,1,1,1,0,1,1,1,1,0,1,1,0,0,1,0,0,0,0,1,1
697,1,0,0,0,0,1,0,0,0,1,1,1,1,1,0,1,1,1,1,0,1,1,0,0,1,0,0,0,0,1,1
698,1,0,0,0,0,1,0,0,0,1,1,1,1,1,0,1,1,1,1,0,1,1,0,0,1,0,0,0,0,1,1
699,0,1,1,1,1,0,1,1,1,0,0,0,0,0,1,0,0,0,0,1,0,0,1,1,0,1,1,1,1,0,0
700,0,1,1,1,1,0,1,1,1,0,0,0,0,0,1,0,0,0,0,1,0,0,1,1,0,1,1,1,1,0,0
701,0,1,1,1,1,0,1,1,1,0,0,0,0,0,1,0,0,0,0,1,0,0,1,1,0,1,1,1,1,0,0
702,0,1,1,1,1,0,1,1,1,0,0,0,0,0,1,0,0,0,0,1,0,0,1,1,0,1,1,1,1,0,0
703,0,1,1,1,1,0,1,1,1,0,0,0,0,0,1,0,0,0,0,1,0,0,1,1,0,1,1,1,1,0,0
704,0,1,1,1,1,0,1,1,1,0,0,0,0,0,1,0,0,0,0,1,0,0,1,1,0,1,1,1,1,0,0
705,0,1,1,1,1,0,1,1,1,0,0,0,0,0,1,0,0,0,0,1,0,0,1,1,0,1,1,1,1,0,0
706,0,1,1,1,1,0,1,1,1,0,0,0,0,0,1,0,0,0,0,1,0,0,1,1,0,1,1,1,1,0,0
707,0,1,1,1,1,0,1,1,1,0,0,0,0,0,1,0,0,0,0,1,0,0,1,1,0,1,1,1,1,0,0
708,0,1,1,1,1,0,1,1,1,0,0,0,0,0,1,0,0,0,0,1,0,0,1,1,0,1,1,1,1,0,0
709,0,1,1,1,1,0,1,1,1,0,0,0,0,0,1,0,0,0,0,1,0,0,1,1,0,1,1,1,1,0,0
710,0,1,1,1,1,0,1,1,1,0,0,0,0,0,1,0,0,0,0,1,0,0,1,1,0,1,1,1,1,0,0
711,0,1,1,1,1,0,1,1,1,0,0,0,0,0,1,0,0,0,0,1,0,0,1,1,0,1,1,1,1,0,0
712,0,1,1,1,1,0,1,1,1,0,0,0,0,0,1,0,0,0,0,1,0,0,1,1,0,1,1,1,1,0,0
713,0,1,1,1,1,0,1,1,1,0,0,0,0,0,1,0,0,0,0,1,0,0,1,1,0,1,1,1,1,0,0
714,0,1,1,1,1,0,1,1,1,0,0,0,0,0,1,0,0,0,0,1,0,0,1,1,0,1,1,1,1,0,0
715,0,1,1,1,1,0,1,1,1,0,0,0,0,0,1,0,0,0,0,1,0,0,1,1,0,1,1,1,1,0,0
716,0,1,1,1,1,0,1,1,1,0,0,0,0,0,1,0,0,0,0,1,0,0,1,1,0,1,1,1,1,0,0
717,0,1,1,1,1,0,1,1,1,0,0,0,0,0,1,0,0,0,0,1,0,0,1,1,0,1,1,1,1,0,0
718,0,1,1,1,1,0,1,1,1,0,0,0,0,0,1,0,0,0,0,1,0,0,1,1,0,1,1,1,1,0,0
719,0,1,1,1,1,0,1,1,1,0,0,0,0,0,1,0,0,0,0,1,0,0,1,1,0,1,1,1,1,0,0
720,0,1,1,1,1,0,1,1,1,0,0,0,0,0,1,0,0,0,0,1,0,0,1,1,0,1,1,1,1,0,0
721,0,1,1,1,1,0,1,1,1,0,0,0,0,0,1,0,0,0,0,1,0,0,1,1,0,1,1,1,1,0,0
722,0,1,1,1,1,0,1,1,1,0,0,0,0,0,1,0,0,0,0,1,0,0,1,1,0,1,1,1,1,0,0
723,0,1,1,1,1,0,1,1,1,0,0,0,0,0,1,0,0,0,0,1,0,0,1,1,0,1,1,1,1,0,0
724,0,1,1,1,1,0,1,1,1,0,0,0,0,0,1,0,0,0,0,1,0,0,1,1,0,1,1,1,1,0,0
725,0,1,1,1,1,0,1,1,1,0,0,0,0,0,1,0,0,0,0,1,0,0,1,1,0,1,1,1,1,0,0
726,0,1,1,1,1,0,1,1,1,0,0,0,0,0,1,0,0,0,0,1,0,0,1,1,0,1,1,1,1,0,0
727,0,1,1,1,1,0,1,1,1,0,0,0,0,0,1,0,0,0,0,1,0,0,1,1,0,1,1,1,1,0,0
728,0,1,1,1,1,0,1,1,1,0,0,0,0,0,1,0,0,0,0,1,0,0,1,1,0,1,1,1,1,0,0
729,1,0,0,0,0,1,0,0,0,1,1,1,1,1,0,1,1,1,1,0,1,1,0,0,1,0,0,0,0,1,1
730,1,0,0,0,0,1,0,0,0,1,1,1,1,1,0,1,1,1,1,0,1,1,0,0,1,0,0,0,0,1,1
731,1,0,0,0,0,1,0,0,0,1,1,1,1,1,0,1,1,1,1,0,1,1,0,0,1,0,0,0,0,1,1
732,1,0,0,0,0,1,0,0,0,1,1,1,1,1,0,1,1,1,1,0,1,1,0,0,1,0,0,0,0,1,1
733,1,0,0,0,0,1,0,0,0,1,1,1,1,1,0,1,1,1,1,0,1,1,0,0,1,0,0,0,0,1,1
734,1,0,0,0,0,1,0,0,0,1,1,1,1,1,0,1,1,1,1,0,1,1,0,0,1,0,0,0,0,1,1
735,1,0,0,0,0,1,0,0,0,1,1,1,1,1,0,1,1,1,1,0,1,1,0,0,1,0,0,0,0,1,1
736,1,0,0,0,0,1,0,0,0,1,1,1,1,1,0,1,1,1,1,0,1,1,0,0,1,0,0,0,0,1,1
737,1,0,0,0,0,1,0,0,0,1,1,1,1,1,0,1,1,1,1,0,1,1,0,0,1,0,0,0,0,1,1
738,1,0,0,0,0,1,0,0,0,1,1,1,1,1,0,1,1,1,1,0,1,1,0,0,1,0,0,0,0,1,1
739,1,0,0,0,0,1,0,0,0,1,1,1,1,1,0,1,1,1,1,0,1,1,0,0,1,0,0,0,0,1,1
740,1,0,0,0,0,1,0,0,0,1,1,1,1,1,0,1,1,1,1,0,1,1,0,0,1,0,0,0,0,1,1
741,1,0,0,0,0,1,0,0,0,1,1,1,1,1,0,1,1,1,1,0,1,1,0,0,1,0,0,0,0,1,1
742,1,0,0,0,0,1,0,0,0,1,1,1,1,1,0,1,1,1,1,0,1,1,0,0,1,0,0,0,0,1,1
743,1,0,0,0,0,1,0,0,0,1,1,1,1,1,0,1,1,1,1,0,1,1,0,0,1,0,0,0,0,1,1
744,1,0,0,0,0,1,0,0,0,1,1,1,1,1,0,1,1,1,1,0,1,1,0,0,1,0,0,0,0,1,1
745,1,0,0,0,0,1,0,0,0,1,1,1,1,1,0,1,1,1,1,0,1,1,0,0,1,0,0,0,0,1,1
746,1,0,0,0,0,1,0,0,0,1,1,1,1,1,0,1,1,1,1,0,1,1,0,0,1,0,0,0,0,1,1
747,1,0,0,0,0,1,0,0,0,1,1,1,1,1,0,1,1,1,1,0,1,1,0,0,1,0,0,0,0,1,1
748,1,0,0,0,0,1,0,0,0,1,1,1,1,1,0,1,1,1,1,0,1,1,0,0,1,0,0,0,0,1,1
749,1,0,0,0,0,1,0,0,0,1,1,1,1,1,0,1,1,1,1,0,1,1,0,0,1,0,0,0,0,1,1
750,1,0,0,0,0,1,0,0,0,1,1,1,1,1,0,1,1,1,1,0,1,1,0,0,1,0,0,0,0,1,1
751,1,0,0,0,0,1,0,0,0,1,1,1,1,1,0,1,1,1,1,0,1,1,0,0,1,0,0,0,0,1,1
752,1,0,0,0,0,1,0,0,0,1,1,1,1,1,0,1,1,1,1,0,1,1,0,0,1,0,0,0,0,1,1
753,1,0,0,0,0,1,0,0,0,1,1,1,1,1,0,1,1,1,1,0,1,1,0,0,1,0,0,0,0,1,1
754,1,0,0,0,0,1,0,0,0,1,1,1,1,1,0,1,1,1,1,0,1,1,0,0,1,0,0,0,0,1,1
755,1,0,0,0,0,1,0,0,0,1,1,1,1,1,0,1,1,1,1,0,1,1,0,0,1,0,0,0,0,1,1
756,1,0,0,0,0,1,0,0,0,1,1,1,1,1,0,1,1,1,1,0,1,1,0,0,1,0,0,0,0,1,1
757,1,0,0,0,0,1,0,0,0,1,1,1,1,1,0,1,1,1,1,0,1,1,0,0,1,0,0,0,0,1,1
758,1,0,0,0,0,1,0,0,0,1,1,1,1,1,0,1,1,1,1,0,1,1,0,0,1,0,0,0,0,1,1
759,1,0,0,0,0,1,0,0,0,1,1,1,1,1,0,1,1,1,1,0,1,1,0,0,1,0,0,0,0,1,1
760,1,0,0,0,0,1,0,0,0,1,1,1,1,1,0,1,1,1,1,0,1,1,0,0,1,0,0,0,0,1,1
761,1,0,0,0,0,1,0,0,0,1,1,1,1,1,0,1,1,1,1,0,1,1,0,0,1,0,0,0,0,1,1
762,1,0,0,0,0,1,0,0,0,1,1,1,1,1,0,1,1,1,1,0,1,1,0,0,1,0,0,0,0,1,1
763,1,0,0,0,0,1,0,0,0,1,1,1,1,1,0,1,1,1,1,0,1,1,0,0,1,0,0,0,0,1,1
764,1,0,0,0,0,1,0,0,0,1,1,1,1,1,0,1,1,1,1,0,1,1,0,0,1,0,0,0,0,1,1
765,1,0,0,0,0,1,0,0,0,1,1,1,1,1,0,1,1,1,1,0,1,1,0,0,1,0,0,0,0,1,1
766,1,0,0,0,0,1,0,0,0,1,1,1,1,1,0,1,1,1,1,0,1,1,0,0,1,0,0,0,0,1,1
767,1,0,0,0,0,1,0,0,0,1,1,1,1,1,0,1,1,1,1,0,1,1,0,0,1,0,0,0,0,1,1
768,1,0,0,0,0,1,0,0,0,1,1,1,1,1,0,1,1,1,1,0,1,1,0,0,1,0,0,0,0,1,1
769,1,0,0,0,0,1,0,0,0,1,1,1,1,1,0,1,1,1,1,0,1,1,0,0,1,0,0,0,0,1,1
770,1,0,0,0,0,1,0,0,0,1,1,1,1,1,0,1,1,1,1,0,1,1,0,0,1,0,0,0,0,1,1
771,1,0,0,0,0,1,0,0,0,1,1,1,1,1,0,1,1,1,1,0,1,1,0,0,1,0,0,0,0,1,1
772,1,0,0,0,0,1,0,0,0,1,1,1,1,1,0,1,1,1,1,0,1,1,0,0,1,0,0,0,0,1,1
773,1,0,0,0,0,1,0,0,0,1,1,1,1,1,0,1,1,1,1,0,1,1,0,0,1,0,0,0,0,1,1
774,1,0,0,0,0,1,0,0,0,1,1,1,1,1,0,1,1,1,1,0,1,1,0,0,1,0,0,0,0,1,1
775,1,0,0,0,0,1,0,0,0,1,1,1,1,1,0,1,1,1,1,0,1,1,0,0,1,0,0,0,0,1,1
776,1,0,0,0,0,1,0,0,0,1,1,1,1,1,0,1,1,1,1,0,1,1,0,0,1,0,0,0,0,1,1
777,1,0,0,0,0,1,0,0,0,1,1,1,1,1,0,1,1,1,1,0,1,1,0,0,1,0,0,0,0,1,1
778,1,0,0,0,0,1,0,0,0,1,1,1,1,1,0,1,1,1,1,0,1,1,0,0,1,0,0,0,0,1,1
779,1,0,0,0,0,1,0,0,0,1,1,1,1,1,0,1,1,1,1,0,1,1,0,0,1,0,0,0,0,1,1
780,1,0,0,0,0,1,0,0,0,1,1,1,1,1,0,1,1,1,1,0,1,1,0,0,1,0,0,0,0,1,1
781,1,0,0,0,0,1,0,0,0,1,1,1,1,1,0,1,1,1,1,0,1,1,0,0,1,0,0,0,0,1,1
782,0,1,1,1,1,0,1,1,1,0,0,0,0,0,1,0,0,0,0,1,0,0,1,1,0,1,1,1,1,0,0
783,0,1,1,1,1,0,1,1,1,0,0,0,0,0,1,0,0,0,0,1,0,0,1,1,0,1,1,1,1,0,0
784,0,1,1,1,1,0,1,1,1,0,0,0,0,0,1,0,0,0,0,1,0,0,1,1,0,1,1,1,1,0,0
785,0,1,1,1,1,0,1,1,1,0,0,0,0,0,1,0,0,0,0,1,0,0,1,1,0,1,1,1,1,0,0
786,0,1,1,1,1,0,1,1,1,0,0,0,0,0,1,0,0,0,0,1,0,0,1,1,0,1,1,1,1,0,0
787,0,1,1,1,1,0,1,1,1,0,0,0,0,0,1,0,0,0,0,1,0,0,1,1,0,1,1,1,1,0,0
788,0,1,1,1,1,0,1,1,1,0,0,0,0,0,1,0,0,0,0,1,0,0,1,1,0,1,1,1,1,0,0
789,0,1,1,1,1,0,1,1,1,0,0,0,0,0,1,0,0,0,0,1,0,0,1,1,0,1,1,1,1,0,0
790,0,1,1,1,1,0,1,1,1,0,0,0,0,0,1,0,0,0,0,1,0,0,1,1,0,1,1,1,1,0,0
791,0,1,1,1,1,0,1,1,1,0,0,0,0,0,1,0,0,0,0,1,0,0,1,1,0,1,1,1,1,0,0
792,0,1,1,1,1,0,1,1,1,0,0,0,0,0,1,0,0,0,0,1,0,0,1,1,0,1,1,1,1,0,0
793,0,1,1,1,1,0,1,1,1,0,0,0,0,0,1,0,0,0,0,1,0,0,1,1,0,1,1,1,1,0,0
794,0,1,1,1,1,0,1,1,1,0,0,0,0,0,1,0,0,0,0,1,0,0,1,1,0,1,1,1,1,0,0
795,0,1,1,1,1,0,1,1,1,0,0,0,0,0,1,0,0,0,0,1,0,0,1,1,0,1,1,1,1,0,0
796,0,1,1,1,1,0,1,1,1,0,0,0,0,0,1,0,0,0,0,1,0,0,1,1,0,1,1,1,1,0,0
797,0,1,1,1,1,0,1,1,1,0,0,0,0,0,1,0,0,0,0,1,0,0,1,1,0,1,1,1,1,0,0
798,0,1,1,1,1,0,1,1,1,0,0,0,0,0,1,0,0,0,0,1,0,0,1,1,0,1,1,1,1,0,0
799,1,0,0,0,0,1,0,0,0,1,1,1,1,1,0,1,1,1,1,0,1,1,0,0,1,0,0,0,0,1,1
800,1,0,0,0,0,1,0,0,0,1,1,1,1,1,0,1,1,1,1,0,1,1,0,0,1,0,0,0,0,1,1
801,1,0,0,0,0,1,0,0,0,1,1,1,1,1,0,1,1,1,1,0,1,1,0,0,1,0,0,0,0,1,1
802,1,0,0,0,0,1,0,0,0,1,1,1,1,1,0,1,1,1,1,0,1,1,0,0,1,0,0,0,0,1,1
803,1,0,0,0,0,1,0,0,0,1,1,1,1,1,0,1,1,1,1,0,1,1,0,0,1,0,0,0,0,1,1
804,1,0,0,0,0,1,0,0,0,1,1,1,1,1,0,1,1,1,1,0,1,1,0,0,1,0,0,0,0,1,1
805,1,0,0,0,0,1,0,0,0,1,1,1,1,1,0,1,1,1,1,0,1,1,0,0,1,0,0,0,0,1,1
806,1,0,0,0,0,1,0,0,0,1,1,1,1,1,0,1,1,1,1,0,1,1,0,0,1,0,0,0,0,1,1
807,1,0,0,0,0,1,0,0,0,1,1,1,1,1,0,1,1,1,1,0,1,1,0,0,1,0,0,0,0,1,1
808,1,0,0,0,0,1,0,0,0,1,1,1,1,1,0,1,1,1,1,0,1,1,0,0,1,0,0,0,0,1,1
809,1,0,0,0,0,1,0,0,0,1,1,1,1,1,0,1,1,1,1,0,1,1,0,0,1,0,0,0,0,1,1
810,1,0,0,0,0,1,0,0,0,1,1,1,1,1,0,1,1,1,1,0,1,1,0,0,1,0,0,0,0,1,1
811,1,0,0,0,0,1,0,0,0,1,1,1,1,1,0,1,1,1,1,0,1,1,0,0,1,0,0,0,0,1,1
812,1,0,0,0,0,1,0,0,0,1,1,1,1,1,0,1,1,1,1,0,1,1,0,0,1,0,0,0,0,1,1
813,1,0,0,0,0,1,0,0,0,1,1,1,1,1,0,1,1,1,1,0,1,1,0,0,1,0,0,0,0,1,1
814,1,0,0,0,0,1,0,0,0,1,1,1,1,1,0,1,1,1,1,0,1,1,0,0,1,0,0,0,0,1,1
815,1,0,0,0,0,1,0,0,0,1,1,1,1,1,0,1,1,1,1,0,1,1,0,0,1,0,0,0,0,1,1
816,1,0,0,0,0,1,0,0,0,1,1,1,1,1,0,1,1,1,1,0,1,1,0,0,1,0,0,0,0,1,1
817,1,0,0,0,0,1,0,0,0,1,1,1,1,1,0,1,1,1,1,0,1,1,0,0,1,0,0,0,0,1,1
818,1,0,0,0,0,1,0,0,0,1,1,1,1,1,0,1,1,1,1,0,1,1,0,0,1,0,0,0,0,1,1
819,1,0,0,0,0,1,0,0,0,1,1,1,1,1,0,1,1,1,1,0,1,1,0,0,1,0,0,0,0,1,1
820,1,0,0,0,0,1,0,0,0,1,1,1,1,1,0,1,1,1,1,0,1,1,0,0,1,0,0,0,0,1,1
821,1,0,0,0,0,1,0,0,0,1,1,1,1,1,0,1,1,1,1,0,1,1,0,0,1,0,0,0,0,1,1
822,1,0,0,0,0,1,0,0,0,1,1,1,1,1,0,1,1,1,1,0,1,1,0,0,1,0,0,0,0,1,1
823,1,0,0,0,0,1,0,0,0,1,1,1,1,1,0,1,1,1,1,0,1,1,0,0,1,0,0,0,0,1,1
824,1,0,0,0,0,1,0,0,0,1,1,1,1,1,0,1,1,1,1,0,1,1,0,0,1,0,0,0,0,1,1
825,1,0,0,0,0,1,0,0,0,1,1,1,1,1,0,1,1,1,1,0,1,1,0,0,1,0,0,0,0,1,1
826,1,0,0,0,0,1,0,0,0,1,1,1,1,1,0,1,1,1,1,0,1,1,0,0,1,0,0,0,0,1,1
827,1,0,0,0,0,1,0,0,0,1,1,1,1,1,0,1,1,1,1,0,1,1,0,0,1,0,0,0,0,1,1
828,1,0,0,0,0,1,0,0,0,1,1,1,1,1,0,1,1,1,1,0,1,1,0,0,1,0,0,0,0,1,1
829,1,0,0,0,0,1,0,0,0,1,1,1,1,1,0,1,1,1,1,0,1,1,0,0,1,0,0,0,0,1,1
830,0,1,1,1,1,0,1,1,1,0,0,0,0,0,1,0,0,0,0,1,0,0,1,1,0,1,1,1,1,0,0
831,1,0,0,0,0,1,0,0,0,1,1,1,1,1,0,1,1,1,1,0,1,1,0,0,1,0,0,0,0,1,1
832,0,1,1,1,1,0,1,1,1,0,0,0,0,0,1,0,0,0,0,1,0,0,1,1,0,1,1,1,1,0,0
833,0,1,1,1,1,0,1,1,1,0,0,0,0,0,1,0,0,0,0,1,0,0,1,1,0,1,1,1,1,0,0
834,0,1,1,1,1,0,1,1,1,0,0,0,0,0,1,0,0,0,0,1,0,0,1,1,0,1,1,1,1,0,0
835,0,1,1,1,1,0,1,1,1,0,0,0,0,0,1,0,0,0,0,1,0,0,1,1,0,1,1,1,1,0,0
836,0,1,1,1,1,0,1,1,1,0,0,0,0,0,1,0,0,0,0,1,0,0,1,1,0,1,1,1,1,0,0
837,0,1,1,1,1,0,1,1,1,0,0,0,0,0,1,0,0,0,0,1,0,0,1,1,0,1,1,1,1,0,0
838,0,1,1,1,1,0,1,1,1,0,0,0,0,0,1,0,0,0,0,1,0,0,1,1,0,1,1,1,1,0,0
839,0,1,1,1,1,0,1,1,1,0,0,0,0,0,1,0,0,0,0,1,0,0,1,1,0,1,1,1,1,0,0
840,0,1,1,1,1,0,1,1,1,0,0,0,0,0,1,0,0,0,0,1,0,0,1,1,0,1,1,1,1,0,0
841,0,1,1,1,1,0,1,1,1,0,0,0,0,0,1,0,0,0,0,1,0,0,1,1,0,1,1,1,1,0,0
842,0,1,1,1,1,0,1,1,1,0,0,0,0,0,1,0,0,0,0,1,0,0,1,1,0,1,1,1,1,0,0
843,0,1,1,1,1,0,1,1,1,0,0,0,0,0,1,0,0,0,0,1,0,0,1,1,0,1,1,1,1,0,0
844,0,1,1,1,1,0,1,1,1,0,0,0,0,0,1,0,0,0,0,1,0,0,1,1,0,1,1,1,1,0,0
845,0,1,1,1,1,0,1,1,1,0,0,0,0,0,1,0,0,0,0,1,0,0,1,1,0,1,1,1,1,0,0
846,0,1,1,1,1,0,1,1,1,0,0,0,0,0,1,0,0,0,0,1,0,0,1,1,0,1,1,1,1,0,0
847,0,1,1,1,1,0,1,1,1,0,0,0,0,0,1,0,0,0,0,1,0,0,1,1,0,1,1,1,1,0,0
848,0,1,1,1,1,0,1,1,1,0,0,0,0,0,1,0,0,0,0,1,0,0,1,1,0,1,1,1,1,0,0
849,0,1,1,1,1,0,1,1,1,0,0,0,0,0,1,0,0,0,0,1,0,0,1,1,0,1,1,1,1,0,0
850,0,1,1,1,1,0,1,1,1,0,0,0,0,0,1,0,0,0,0,1,0,0,1,1,0,1,1,1,1,0,0
851,0,1,1,1,1,0,1,1,1,0,0,0,0,0,1,0,0,0,0,1,0,0,1,1,0,1,1,1,1,0,0
852,0,1,1,1,1,0,1,1,1,0,0,0,0,0,1,0,0,0,0,1,0,0,1,1,0,1,1,1,1,0,0
853,0,1,1,1,1,0,1,1,1,0,0,0,0,0,1,0,0,0,0,1,0,0,1,1,0,1,1,1,1,0,0
854,0,1,1,1,1,0,1,1,1,0,0,0,0,0,1,0,0,0,0,1,0,0,1,1,0,1,1,1,1,0,0
855,1,0,0,0,0,1,0,0,0,1,1,1,1,1,0,1,1,1,1,0,1,1,0,0,1,0,0,0,0,1,1
856,0,1,1,1,1,0,1,1,1,0,0,0,0,0,1,0,0,0,0,1,0,0,1,1,0,1,1,1,1,0,0
857,1,0,0,0,0,1,0,0,0,1,1,1,1,1,0,1,1,1,1,0,1,1,0,0,1,0,0,0,0,1,1
858,1,0,0,0,0,1,0,0,0,1,1,1,1,1,0,1,1,1,1,0,1,1,0,0,1,0,0,0,0,1,1
859,1,0,0,0,0,1,0,0,0,1,1,1,1,1,0,1,1,1,1,0,1,1,0,0,1,0,0,0,0,1,1
860,1,0,0,0,0,1,0,0,0,1,1,1,1,1,0,1,1,1,1,0,1,1,0,0,1,0,0,0,0,1,1
861,1,0,0,0,0,1,0,0,0,1,1,1,1,1,0,1,1,1,1,0,1,1,0,0,1,0,0,0,0,1,1
862,1,0,0,0,0,1,0,0,0,1,1,1,1,1,0,1,1,1,1,0,1,1,0,0,1,0,0,0,0,1,1
863,1,0,0,0,0,1,0,0,0,1,1,1,1,1,0,1,1,1,1,0,1,1,0,0,1,0,0,0,0,1,1
864,1,0,0,0,0,1,0,0,0,1,1,1,1,1,0,1,1,1,1,0,1,1,0,0,1,0,0,0,0,1,1
865,1,0,0,0,0,1,0,0,0,1,1,1,1,1,0,1,1,1,1,0,1,1,0,0,1,0,0,0,0,1,1
866,1,0,0,0,0,1,0,0,0,1,1,1,1,1,0,1,1,1,1,0,1,1,0,0,1,0,0,0,0,1,1
867,1,0,0,0,0,1,0,0,0,1,1,1,1,1,0,1,1,1,1,0,1,1,0,0,1,0,0,0,0,1,1
868,1,0,0,0,0,1,0,0,0,1,1,1,1,1,0,1,1,1,1,0,1,1,0,0,1,0,0,0,0,1,1
869,1,0,0,0,0,1,0,0,0,1,1,1,1,1,0,1,1,1,1,0,1,1,0,0,1,0,0,0,0,1,1
870,1,0,0,0,0,1,0,0,0,1,1,1,1,1,0,1,1,1,1,0,1,1,0,0,1,0,0,0,0,1,1
871,1,0,0,0,0,1,0,0,0,1,1,1,1,1,0,1,1,1,1,0,1,1,0,0,1,0,0,0,0,1,1
872,1,0,0,0,0,1,0,0,0,1,1,1,1,1,0,1,1,1,1,0,1,1,0,0,1,0,0,0,0,1,1
873,1,0,0,0,0,1,0,0,0,1,1,1,1,1,0,1,1,1,1,0,1,1,0,0,1,0,0,0,0,1,1
874,1,0,0,0,0,1,0,0,0,1,1,1,1,1,0,1,1,1,1,0,1,1,0,0,1,0,0,0,0,1,1
875,1,0,0,0,0,1,0,0,0,1,1,1,1,1,0,1,1,1,1,0,1,1,0,0,1,0,0,0,0,1,1
876,1,0,0,0,0,1,0,0,0,1,1,1,1,1,0,1,1,1,1,0,1,1,0,0,1,0,0,0,0,1,1
877,1,0,0,0,0,1,0,0,0,1,1,1,1,1,0,1,1,1,1,0,1,1,0,0,1,0,0,0,0,1,1
878,1,0,0,0,0,1,0,0,0,1,1,1,1,1,0,1,1,1,1,0,1,1,0,0,1,0,0,0,0,1,1
879,1,0,0,0,0,1,0,0,0,1,1,1,1,1,0,1,1,1,1,0,1,1,0,0,1,0,0,0,0,1,1
880,1,0,0,0,0,1,0,0,0,1,1,1,1,1,0,1,1,1,1,0,1,1,0,0,1,0,0,0,0,1,1
881,1,0,0,0,0,1,0,0,0,1,1,1,1,1,0,1,1,1,1,0,1,1,0,0,1,0,0,0,0,1,1
882,1,0,0,0,0,1,0,0,0,1,1,1,1,1,0,1,1,1,1,0,1,1,0,0,1,0,0,0,0,1,1
883,1,0,0,0,0,1,0,0,0,1,1,1,1,1,0,1,1,1,1,0,1,1,0,0,1,0,0,0,0,1,1
884,1,0,0,0,0,1,0,0,0,1,1,1,1,1,0,1,1,1,1,0,1,1,0,0,1,0,0,0,0,1,1
885,1,0,0,0,0,1,0,0,0,1,1,1,1,1,0,1,1,1,1,0,1,1,0,0,1,0,0,0,0,1,1
886,1,0,0,0,0,1,0,0,0,1,1,1,1,1,0,1,1,1,1,0,1,1,0,0,1,0,0,0,0,1,1
887,1,0,0,0,0,1,0,0,0,1,1,1,1,1,0,1,1,1,1,0,1,1,0,0,1,0,0,0,0,1,1
888,1,0,0,0,0,1,0,0,0,1,1,1,1,1,0,1,1,1,1,0,1,1,0,0,1,0,0,0,0,1,1
889,1,0,0,0,0,1,0,0,0,1,1,1,1,1,0,1,1,1,1,0,1,1,0,0,1,0,0,0,0,1,1
890,1,0,0,0,0,1,0,0,0,1,1,1,1,1,0,1,1,1,1,0,1,1,0,0,1,0,0,0,0,1,1
891,1,0,0,0,0,1,0,0,0,1,1,1,1,1,0,1,1,1,1,0,1,1,0,0,1,0,0,0,0,1,1
892,1,0,0,0,0,1,0,0,0,1,1,1,1,1,0,1,1,1,1,0,1,1,0,0,1,0,0,0,0,1,1
893,1,0,0,0,0,1,0,0,0,1,1,1,1,1,0,1,1,1,1,0,1,1,0,0,1,0,0,0,0,1,1
894,1,0,0,0,0,1,0,0,0,1,1,1,1,1,0,1,1,1,1,0,1,1,0,0,1,0,0,0,0,1,1
895,1,0,0,0,0,1,0,0,0,1,1,1,1,1,0,1,1,1,1,0,1,1,0,0,1,0,0,0,0,1,1
896,1,0,0,0,0,1,0,0,0,1,1,1,1,1,0,1,1,1,1,0,1,1,0,0,1,0,0,0,0,1,1
897,1,0,0,0,0,1,0,0,0,1,1,1,1,1,0,1,1,1,1,0,1,1,0,0,1,0,0,0,0,1,1
898,1,0,0,0,0,1,0,0,0,1,1,1,1,1,0,1,1,1,1,0,1,1,0,0,1,0,0,0,0,1,1
899,1,0,0,0,0,1,0,0,0,1,1,1,1,1,0,1,1,1,1,0,1,1,0,0,1,0,0,0,0,1,1
900,1,0,0,0,0,1,0,0,0,1,1,1,1,1,0,1,1,1,1,0,1,1,0,0,1,0,0,0,0,1,1
901,1,0,0,0,0,1,0,0,0,1,1,1,1,1,0,1,1,1,1,0,1,1,0,0,1,0,0,0,0,1,1
902,1,0,0,0,0,1,0,0,0,1,1,1,1,1,0,1,1,1,1,0,1,1,0,0,1,0,0,0,0,1,1
903,1,0,0,0,0,1,0,0,0,1,1,1,1,1,0,1,1,1,1,0,1,1,0,0,1,0,0,0,0,1,1
904,1,0,0,0,0,1,0,0,0,1,1,1,1,1,0,1,1,1,1,0,1,1,0,0,1,0,0,0,0,1,1
905,1,0,0,0,0,1,0,0,0,1,1,1,1,1,0,1,1,1,1,0,1,1,0,0,1,0,0,0,0,1,1
906,1,0,0,0,0,1,0,0,0,1,1,1,1,1,0,1,1,1,1,0,1,1,0,0,1,0,0,0,0,1,1
907,1,0,0,0,0,1,0,0,0,1,1,1,1,1,0,1,1,1,1,0,1,1,0,0,1,0,0,0,0,1,1
908,1,0,0,0,0,1,0,0,0,1,1,1,1,1,0,1,1,1,1,0,1,1,0,0,1,0,0,0,0,1,1
909,1,0,0,0,0,1,0,0,0,1,1,1,1,1,0,1,1,1,1,0,1,1,0,0,1,0,0,0,0,1,1
910,1,0,0,0,0,1,0,0,0,1,1,1,1,1,0,1,1,1,1,0,1,1,0,0,1,0,0,0,0,1,1
911,1,0,0,0,0,1,0,0,0,1,1,1,1,1,0,1,1,1,1,0,1,1,0,0,1,0,0,0,0,1,1
912,1,0,0,0,0,1,0,0,0,1,1,1,1,1,0,1,1,1,1,0,1,1,0,0,1,0,0,0,0,1,1
913,1,0,0,0,0,1,0,0,0,1,1,1,1,1,0,1,1,1,1,0,1,1,0,0,1,0,0,0,0,1,1
914,1,0,0,0,0,1,0,0,0,1,1,1,1,1,0,1,1,1,1,0,1,1,0,0,1,0,0,0,0,1,1
915,1,0,0,0,0,1,0,0,0,1,1,1,1,1,0,1,1,1,1,0,1,1,0,0,1,0,0,0,0,1,1
916,1,0,0,0,0,1,0,0,0,1,1,1,1,1,0,1,1,1,1,0,1,1,0,0,1,0,0,0,0,1,1
917,1,0,0,0,0,1,0,0,0,1,1,1,1,1,0,1,1,1,1,0,1,1,0,0,1,0,0,0,0,1,1
918,1,0,0,0,0,1,0,0,0,1,1,1,1,1,0,1,1,1,1,0,1,1,0,0,1,0,0,0,0,1,1
919,1,0,0,0,0,1,0,0,0,1,1,1,1,1,0,1,1,1,1,0,1,1,0,0,1,0,0,0,0,1,1
920,1,0,0,0,0,1,0,0,0,1,1,1,1,1,0,1,1,1,1,0,1,1,0,0,1,0,0,0,0,1,1
921,1,0,0,0,0,1,0,0,0,1,1,1,1,1,0,1,1,1,1,0,1,1,0,0,1,0,0,0,0,1,1
922,1,0,0,0,0,1,0,0,0,1,1,1,1,1,0,1,1,1,1,0,1,1,0,0,1,0,0,0,0,1,1
923,1,0,0,0,0,1,0,0,0,1,1,1,1,1,0,1,1,1,1,0,1,1,0,0,1,0,0,0,0,1,1
924,1,0,0,0,0,1,0,0,0,1,1,1,1,1,0,1,1,1,1,0,1,1,0,0,1,0,0,0,0,1,1
925,1,0,0,0,0,1,0,0,0,1,1,1,1,1,0,1,1,1,1,0,1,1,0,0,1,0,0,0,0,1,1
926,1,0,0,0,0,1,0,0,0,1,1,1,1,1,0,1,1,1,1,0,1,1,0,0,1,0,0,0,0,1,1
927,1,0,0,0,0,1,0,0,0,1,1,1,1,1,0,1,1,1,1,0,1,1,0,0,1,0,0,0,0,1,1
928,1,0,0,0,0,1,0,0,0,1,1,1,1,1,0,1,1,1,1,0,1,1,0,0,1,0,0,0,0,1,1
929,1,0,0,0,0,1,0,0,0,1,1,1,1,1,0,1,1,1,1,0,1,1,0,0,1,0,0,0,0,1,1
930,1,0,0,0,0,1,0,0,0,1,1,1,1,1,0,1,1,1,1,0,1,1,0,0,1,0,0,0,0,1,1
931,1,0,0,0,0,1,0,0,0,1,1,1,1,1,0,1,1,1,1,0,1,1,0,0,1,0,0,0,0,1,1
932,1,0,0,0,0,1,0,0,0,1,1,1,1,1,0,1,1,1,1,0,1,1,0,0,1,0,0,0,0,1,1
933,1,0,0,0,0,1,0,0,0,1,1,1,1,1,0,1,1,1,1,0,1,1,0,0,1,0,0,0,0,1,1
934,1,0,0,0,0,1,0,0,0,1,1,1,1,1,0,1,1,1,1,0,1,1,0,0,1,0,0,0,0,1,1
935,1,0,0,0,0,1,0,0,0,1,1,1,1,1,0,1,1,1,1,0,1,1,0,0,1,0,0,0,0,1,1
936,1,0,0,0,0,1,0,0,0,1,1,1,1,1,0,1,1,1,1,0,1,1,0,0,1,0,0,0,0,1,1
937,1,0,0,0,0,1,0,0,0,1,1,1,1,1,0,1,1,1,1,0,1,1,0,0,1,0,0,0,0,1,1
938,1,0,0,0,0,1,0,0,0,1,1,1,1,1,0,1,1,1,1,0,1,1,0,0,1,0,0,0,0,1,1
939,1,0,0,0,0,1,0,0,0,1,1,1,1,1,0,1,1,1,1,0,1,1,0,0,1,0,0,0,0,1,1
940,1,0,0,0,0,1,0,0,0,1,1,1,1,1,0,1,1,1,1,0,1,1,0,0,1,0,0,0,0,1,1
941,1,0,0,0,0,1,0,0,0,1,1,1,1,1,0,1,1,1,1,0,1,1,0,0,1,0,0,0,0,1,1
942,1,0,0,0,0,1,0,0,0,1,1,1,1,1,0,1,1,1,1,0,1,1,0,0,1,0,0,0,0,1,1
943,1,0,0,0,0,1,0,0,0,1,1,1,1,1,0,1,1,1,1,0,1,1,0,0,1,0,0,0,0,1,1
944,1,0,0,0,0,1,0,0,0,1,1,1,1,1,0,1,1,1,1,0,1,1,0,0,1,0,0,0,0,1,1
945,1,0,0,0,0,1,0,0,0,1,1,1,1,1,0,1,1,1,1,0,1,1,0,0,1,0,0,0,0,1,1
946,1,0,0,0,0,1,0,0,0,1,1,1,1,1,0,1,1,1,1,0,1,1,0,0,1,0,0,0,0,1,1
947,1,0,0,0,0,1,0,0,0,1,1,1,1,1,0,1,1,1,1,0,1,1,0,0,1,0,0,0,0,1,1
948,1,0,0,0,0,1,0,0,0,1,1,1,1,1,0,1,1,1,1,0,1,1,0,0,1,0,0,0,0,1,1
949,1,0,0,0,0,1,0,0,0,1,1,1,1,1,0,1,1,1,1,0,1,1,0,0,1,0,0,0,0,1,1
950,1,0,0,0,0,1,0,0,0,1,1,1,1,1,0,1,1,1,1,0,1,1,0,0,1,0,0,0,0,1,1
951,1,0,0,0,0,1,0,0,0,1,1,1,1,1,0,1,1,1,1,0,1,1,0,0,1,0,0,0,0,1,1
952,1,0,0,0,0,1,0,0,0,1,1,1,1,1,0,1,1,1,1,0,1,1,0,0,1,0,0,0,0,1,1
953,1,0,0,0,0,1,0,0,0,1,1,1,1,1,0,1,1,1,1,0,1,1,0,0,1,0,0,0,0,1,1
954,1,0,0,0,0,1,0,0,0,1,1,1,1,1,0,1,1,1,1,0,1,1,0,0,1,0,0,0,0,1,1
955,1,0,0,0,0,1,0,0,0,1,1,1,1,1,0,1,1,1,1,0,1,1,0,0,1,0,0,0,0,1,1
956,1,0,0,0,0,1,0,0,0,1,1,1,1,1,0,1,1,1,1,0,1,1,0,0,1,0,0,0,0,1,1
957,1,0,0,0,0,1,0,0,0,1,1,1,1,1,0,1,1,1,1,0,1,1,0,0,1,0,0,0,0,1,1
958,1,0,0,0,0,1,0,0,0,1,1,1,1,1,0,1,1,1,1,0,1,1,0,0,1,0,0,0,0,1,1
959,1,0,0,0,0,1,0,0,0,1,1,1,1,1,0,1,1,1,1,0,1,1,0,0,1,0,0,0,0,1,1
960,1,0,0,0,0,1,0,0,0,1,1,1,1,1,0,1,1,1,1,0,1,1,0,0,1,0,0,0,0,1,1
961,1,0,0,0,0,1,0,0,0,1,1,1,1,1,0,1,1,1,1,0,1,1,0,0,1,0,0,0,0,1,1
962,1,0,0,0,0,1,0,0,0,1,1,1,1,1,0,1,1,1,1,0,1,1,0,0,1,0,0,0,0,1,1
963,1,0,0,0,0,1,0,0,0,1,1,1,1,1,0,1,1,1,1,0,1,1,0,0,1,0,0,0,0,1,1
964,1,0,0,0,0,1,0,0,0,1,1,1,1,1,0,1,1,1,1,0,1,1,0,0,1,0,0,0,0,1,1
965,1,0,0,0,0,1,0,0,0,1,1,1,1,1,0,1,1,1,1,0,1,1,0,0,1,0,0,0,0,1,1
966,0,1,1,1,1,0,1,1,1,0,0,0,0,0,1,0,0,0,0,1,0,0,1,1,0,1,1,1,1,0,0
967,0,1,1,1,1,0,1,1,1,0,0,0,0,0,1,0,0,0,0,1,0,0,1,1,0,1,1,1,1,0,0
968,1,0,0,0,0,1,0,0,0,1,1,1,1,1,0,1,1,1,1,0,1,1,0,0,1,0,0,0,0,1,1
969,0,1,1,1,1,0,1,1,1,0,0,0,0,0,1,0,0,0,0,1,0,0,1,1,0,1,1,1,1,0,0
970,1,0,0,0,0,1,0,0,0,1,1,1,1,1,0,1,1,1,1,0,1,1,0,0,1,0,0,0,0,1,1
971,0,1,1,1,1,0,1,1,1,0,0,0,0,0,1,0,0,0,0,1,0,0,1,1,0,1,1,1,1,0,0
972,0,1,1,1,1,0,1,1,1,0,0,0,0,0,1,0,0,0,0,1,0,0,1,1,0,1,1,1,1,0,0
973,0,1,1,1,1,0,1,1,1,0,0,0,0,0,1,0,0,0,0,1,0,0,1,1,0,1,1,1,1,0,0
974,0,1,1,1,1,0,1,1,1,0,0,0,0,0,1,0,0,0,0,1,0,0,1,1,0,1,1,1,1,0,0
